{"type":"FeatureCollection","_meta":{"descripcion":"Perimetros de las Zonas de Bajas Emisiones de Espana, una por zona.","fuente":"DGT, Punto de Acceso Nacional de Trafico y Movilidad","licencia":"CC-BY. La atribucion a la DGT es obligatoria al reutilizar.","generado_por":"pipeline/zbe_geometria.py","ADVERTENCIA":"El perimetro oficial lo fija la ordenanza municipal. Esta geometria es la que publica la DGT y sirve para orientarse, no para decidir si se puede circular.","incidencias":["alicante.xml: anillo 0 descartado, no esta en grados WGS84. alicante.xml: el punto (4247491.0, 719897.94) cae fuera de Espana y tampoco encaja invertido."]},"features":[{"type":"Feature","geometry":{"type":"MultiPolygon","coordinates":[[[[-3.577733,40.427048],[-3.5788577,40.42702],[-3.5791037,40.427357],[-3.5794091,40.42738],[-3.5795445,40.42724],[-3.5798168,40.427147],[-3.5811787,40.427208],[-3.5845437,40.42694],[-3.585542,40.427025],[-3.5949645,40.42961],[-3.595834,40.429943],[-3.5960238,40.43034],[-3.5959573,40.430916],[-3.595733,40.43163],[-3.5955763,40.432034],[-3.5945258,40.433784],[-3.5938432,40.435146],[-3.5935361,40.43601],[-3.5929108,40.43832],[-3.592678,40.438732],[-3.592383,40.438965],[-3.5916436,40.439278],[-3.5885322,40.439934],[-3.5875585,40.43995],[-3.5850637,40.43971],[-3.5836928,40.439762],[-3.5826554,40.43992],[-3.5804555,40.440434],[-3.5786252,40.440567],[-3.56561,40.439884],[-3.5616374,40.439575],[-3.5609095,40.439445],[-3.5604365,40.439213],[-3.5602698,40.43903],[-3.5601919,40.438732],[-3.5601852,40.438118],[-3.5610714,40.437958],[-3.561668,40.437943],[-3.5628648,40.437943],[-3.5641239,40.43806],[-3.5663223,40.437435],[-3.5685482,40.43621],[-3.573802,40.43767],[-3.5759456,40.436745],[-3.5752566,40.43502],[-3.5751092,40.4341],[-3.5791242,40.433624],[-3.5791368,40.433155],[-3.577265,40.430515],[-3.5769749,40.429836],[-3.5763261,40.42968],[-3.5765257,40.42871],[-3.5771613,40.42693],[-3.577733,40.427048]]],[[[-3.7046986,40.585],[-3.7019587,40.586952],[-3.6963315,40.589878],[-3.69201,40.597393],[-3.6905754,40.601433],[-3.6874173,40.606808],[-3.6850832,40.60866],[-3.679668,40.610867],[-3.679224,40.611176],[-3.676159,40.61481],[-3.674656,40.61641],[-3.6735868,40.616825],[-3.671213,40.617474],[-3.6668353,40.619583],[-3.666552,40.620064],[-3.6669743,40.622536],[-3.6685207,40.625916],[-3.668559,40.627365],[-3.668349,40.62889],[-3.6673026,40.631165],[-3.665493,40.63418],[-3.6643078,40.635708],[-3.6623938,40.637875],[-3.6622066,40.638218],[-3.6618843,40.639217],[-3.6616743,40.639492],[-3.6584795,40.642056],[-3.656139,40.642937],[-3.6559453,40.64323],[-3.6556928,40.64328],[-3.6522138,40.64266],[-3.6487558,40.6414],[-3.6468608,40.639805],[-3.6444745,40.638096],[-3.6424513,40.638046],[-3.6401098,40.638443],[-3.638824,40.6384],[-3.637615,40.63769],[-3.6368299,40.636795],[-3.636692,40.63678],[-3.6361842,40.63507],[-3.6345825,40.633465],[-3.6329296,40.63069],[-3.6311023,40.629032],[-3.630146,40.628284],[-3.6297033,40.627354],[-3.629654,40.62681],[-3.6302118,40.625813],[-3.6288452,40.622356],[-3.6294932,40.620575],[-3.6286569,40.619415],[-3.628598,40.618126],[-3.628282,40.617645],[-3.6269393,40.616905],[-3.6239157,40.6165],[-3.6226008,40.61591],[-3.6217394,40.61487],[-3.6204839,40.612564],[-3.6198726,40.611904],[-3.618011,40.611263],[-3.6178198,40.610172],[-3.6183915,40.60896],[-3.6167998,40.60697],[-3.6171603,40.606037],[-3.6171107,40.60516],[-3.6160967,40.603046],[-3.6164856,40.602074],[-3.616365,40.601524],[-3.6153073,40.600716],[-3.614276,40.600586],[-3.6129565,40.599907],[-3.6116323,40.59947],[-3.6105776,40.598766],[-3.608743,40.598454],[-3.6079054,40.597595],[-3.6069312,40.596836],[-3.6052117,40.59646],[-3.6047301,40.59579],[-3.6048343,40.595123],[-3.6047702,40.594296],[-3.6034048,40.593052],[-3.6018505,40.592392],[-3.601781,40.5921],[-3.6019158,40.591],[-3.602224,40.59014],[-3.6025395,40.589664],[-3.602985,40.589016],[-3.603405,40.588722],[-3.6042252,40.588394],[-3.6050072,40.58777],[-3.6061907,40.585426],[-3.6064239,40.585117],[-3.6084194,40.583916],[-3.6087897,40.583935],[-3.6090534,40.583565],[-3.6096702,40.583267],[-3.611909,40.5819],[-3.6163683,40.580494],[-3.6213956,40.57648],[-3.6222322,40.57568],[-3.6249897,40.57363],[-3.6262872,40.57352],[-3.6279833,40.573597],[-3.6287267,40.573753],[-3.6297762,40.574295],[-3.6311238,40.574863],[-3.6324532,40.5745],[-3.634658,40.574467],[-3.639727,40.575108],[-3.6415591,40.575813],[-3.6426473,40.57642],[-3.6447885,40.576866],[-3.647863,40.576996],[-3.6495948,40.577187],[-3.6503174,40.577423],[-3.6509461,40.57801],[-3.652727,40.581085],[-3.6545088,40.586094],[-3.6552851,40.58769],[-3.656304,40.588997],[-3.6589694,40.590508],[-3.6603193,40.59167],[-3.6623452,40.592186],[-3.6644764,40.59234],[-3.6671903,40.592117],[-3.6741302,40.588867],[-3.6821914,40.584946],[-3.684281,40.583656],[-3.6858585,40.582916],[-3.6872492,40.58258],[-3.6886053,40.58261],[-3.6893027,40.582146],[-3.6906943,40.580975],[-3.6918426,40.580467],[-3.693395,40.580032],[-3.695848,40.579655],[-3.6994276,40.578636],[-3.7053258,40.578598],[-3.7055092,40.578655],[-3.7055647,40.578754],[-3.705471,40.579464],[-3.7054467,40.581604],[-3.7055156,40.582985],[-3.7053978,40.58298],[-3.7053862,40.584698],[-3.7046986,40.585]]],[[[-3.7059226,40.579285],[-3.7060673,40.578773],[-3.7062907,40.578342],[-3.7088735,40.57419],[-3.7096672,40.572556],[-3.7098165,40.572426],[-3.7105339,40.570763],[-3.711154,40.56967],[-3.7126207,40.56736],[-3.7136316,40.566196],[-3.7143269,40.564945],[-3.7142627,40.56469],[-3.714375,40.564445],[-3.7144003,40.563744],[-3.714283,40.563602],[-3.7135108,40.56041],[-3.713141,40.559498],[-3.7120125,40.557888],[-3.708706,40.553726],[-3.706746,40.551838],[-3.7065184,40.551537],[-3.7058,40.550133],[-3.7051551,40.548424],[-3.704203,40.546463],[-3.7024095,40.54307],[-3.7014854,40.541595],[-3.6982322,40.53888],[-3.6976314,40.53819],[-3.6972487,40.537193],[-3.6970747,40.535618],[-3.696526,40.534496],[-3.6952975,40.53327],[-3.694739,40.532593],[-3.6922116,40.528282],[-3.691196,40.527134],[-3.6894042,40.52542],[-3.6887505,40.524563],[-3.6881382,40.522655],[-3.688107,40.522243],[-3.6882539,40.521782],[-3.6890755,40.520645],[-3.6903956,40.519184],[-3.6920946,40.51772],[-3.696492,40.51424],[-3.6984875,40.51295],[-3.7202983,40.501995],[-3.720902,40.50184],[-3.721843,40.50177],[-3.72232,40.50156],[-3.7225788,40.50116],[-3.7225814,40.500946],[-3.722494,40.50072],[-3.7221756,40.500423],[-3.7222183,40.50026],[-3.7239087,40.4985],[-3.7251914,40.497437],[-3.726486,40.49652],[-3.7277668,40.495735],[-3.7292612,40.494965],[-3.730638,40.494434],[-3.7332187,40.493702],[-3.7345977,40.493195],[-3.7365608,40.49223],[-3.7375526,40.491592],[-3.7390106,40.490543],[-3.7399528,40.48964],[-3.7414515,40.48784],[-3.7424302,40.486317],[-3.7447884,40.483677],[-3.7476964,40.4808],[-3.7489219,40.48014],[-3.750116,40.47988],[-3.750727,40.479645],[-3.7511668,40.479313],[-3.7514231,40.478855],[-3.7529633,40.478073],[-3.7541444,40.47724],[-3.7569416,40.474525],[-3.7587905,40.47348],[-3.7602184,40.473022],[-3.7612712,40.472885],[-3.7624774,40.472874],[-3.765096,40.473335],[-3.7675893,40.47402],[-3.7693048,40.474346],[-3.7711601,40.47451],[-3.7787452,40.474598],[-3.7809827,40.474415],[-3.7827156,40.47393],[-3.7841215,40.473225],[-3.7850778,40.472515],[-3.7873764,40.47044],[-3.7919424,40.467354],[-3.7937818,40.46654],[-3.7942185,40.46649],[-3.7957113,40.46659],[-3.7962334,40.46652],[-3.79882,40.465706],[-3.7992227,40.465645],[-3.807912,40.466564],[-3.8105903,40.466957],[-3.8125439,40.46763],[-3.8205953,40.471333],[-3.8274412,40.473755],[-3.8305027,40.474533],[-3.835526,40.475323],[-3.8373983,40.475746],[-3.8364658,40.48059],[-3.8366678,40.480865],[-3.836347,40.481197],[-3.8362496,40.481712],[-3.8360133,40.48206],[-3.835083,40.48256],[-3.834234,40.48404],[-3.83377,40.485218],[-3.8333118,40.485977],[-3.8331735,40.487778],[-3.833434,40.48984],[-3.8341913,40.49194],[-3.8344283,40.494064],[-3.834714,40.494427],[-3.8356946,40.49529],[-3.8377047,40.497646],[-3.839402,40.499386],[-3.8386412,40.50282],[-3.837869,40.50397],[-3.8371084,40.505894],[-3.8491662,40.50903],[-3.849734,40.50883],[-3.852234,40.50959],[-3.8525429,40.50979],[-3.8529334,40.510483],[-3.85351,40.51119],[-3.8540125,40.511997],[-3.8533506,40.514534],[-3.8522243,40.515472],[-3.8518791,40.51673],[-3.8515494,40.517136],[-3.8512883,40.517647],[-3.8517396,40.518276],[-3.8533313,40.519512],[-3.8543763,40.521355],[-3.8543699,40.52257],[-3.8536963,40.524418],[-3.8547678,40.52552],[-3.855052,40.52563],[-3.8561318,40.52693],[-3.8577287,40.52788],[-3.857811,40.528324],[-3.8582764,40.529343],[-3.8583484,40.52978],[-3.8581219,40.53012],[-3.858588,40.53039],[-3.8595364,40.53128],[-3.8606107,40.53291],[-3.8613586,40.53333],[-3.8621552,40.534103],[-3.8630095,40.534664],[-3.8638675,40.537548],[-3.863876,40.539238],[-3.8642678,40.539627],[-3.8650148,40.541836],[-3.8655043,40.542385],[-3.8656704,40.543404],[-3.867359,40.545544],[-3.8694446,40.547417],[-3.8690727,40.548206],[-3.8707643,40.551125],[-3.872161,40.552273],[-3.872801,40.55341],[-3.8730767,40.55469],[-3.8729596,40.55523],[-3.873833,40.557568],[-3.874034,40.55775],[-3.87512,40.55812],[-3.8754249,40.5588],[-3.8789392,40.559574],[-3.8820937,40.559635],[-3.8842108,40.560467],[-3.8848162,40.560844],[-3.8849876,40.561028],[-3.8849318,40.561745],[-3.8839023,40.56315],[-3.8838198,40.56384],[-3.8857336,40.565422],[-3.8868012,40.566116],[-3.8870833,40.566456],[-3.887894,40.568287],[-3.8880253,40.56901],[-3.8889635,40.570858],[-3.8884094,40.572224],[-3.885751,40.574127],[-3.8852704,40.575066],[-3.8837316,40.579094],[-3.8837764,40.58032],[-3.88397,40.58059],[-3.884179,40.58128],[-3.8834336,40.58253],[-3.883811,40.58338],[-3.8836868,40.585278],[-3.8834846,40.58527],[-3.8803422,40.58686],[-3.8783143,40.58805],[-3.876847,40.588627],[-3.8761106,40.589268],[-3.876174,40.58998],[-3.875903,40.590176],[-3.8748448,40.590614],[-3.8738997,40.591152],[-3.8718383,40.591366],[-3.868923,40.592003],[-3.8673768,40.592163],[-3.8668888,40.591965],[-3.865967,40.59179],[-3.865466,40.591286],[-3.864902,40.590412],[-3.8635342,40.589504],[-3.8613052,40.588898],[-3.8599267,40.588184],[-3.8585005,40.587906],[-3.8554096,40.588215],[-3.8549685,40.587997],[-3.8547835,40.588047],[-3.8537052,40.588837],[-3.852922,40.58909],[-3.8502378,40.59044],[-3.8487585,40.590958],[-3.8482513,40.590954],[-3.8456578,40.591362],[-3.8446376,40.591934],[-3.8434083,40.592377],[-3.8416915,40.59267],[-3.8405507,40.59241],[-3.8376963,40.59136],[-3.8366866,40.59157],[-3.8354018,40.592117],[-3.8332708,40.59353],[-3.8319461,40.593853],[-3.8301806,40.594036],[-3.8275504,40.594692],[-3.826399,40.59474],[-3.8227482,40.594395],[-3.8202875,40.595013],[-3.8161347,40.59501],[-3.8144367,40.595417],[-3.8139257,40.596138],[-3.812527,40.596905],[-3.8113458,40.597366],[-3.8060079,40.59987],[-3.8093774,40.605026],[-3.8096783,40.605686],[-3.8096976,40.605885],[-3.809792,40.605816],[-3.809852,40.605938],[-3.8097668,40.606026],[-3.8101416,40.60665],[-3.8107326,40.60704],[-3.8113735,40.607212],[-3.8125172,40.607883],[-3.8127952,40.608162],[-3.8128257,40.608288],[-3.8123474,40.608494],[-3.8117843,40.608723],[-3.8114493,40.60872],[-3.8108175,40.609386],[-3.8102438,40.60948],[-3.8099482,40.60944],[-3.8097348,40.60981],[-3.8096077,40.60987],[-3.8094203,40.609875],[-3.8093476,40.6095],[-3.809176,40.609314],[-3.8082252,40.60917],[-3.8073792,40.6092],[-3.806201,40.609512],[-3.8060794,40.609257],[-3.8064506,40.608643],[-3.80627,40.60839],[-3.8062556,40.608032],[-3.8061254,40.607918],[-3.8048556,40.607185],[-3.8021867,40.60631],[-3.801705,40.60635],[-3.80053,40.6059],[-3.8003116,40.604847],[-3.802249,40.601482],[-3.8034987,40.599052],[-3.8035276,40.598988],[-3.8033562,40.59888],[-3.8011117,40.59889],[-3.7991188,40.59849],[-3.7985046,40.598812],[-3.79724,40.5997],[-3.7967436,40.599884],[-3.796038,40.599903],[-3.7953196,40.599907],[-3.7941349,40.599773],[-3.7922835,40.59933],[-3.789912,40.59899],[-3.789056,40.5991],[-3.7863219,40.600384],[-3.7850244,40.60048],[-3.7844634,40.601074],[-3.7834835,40.60177],[-3.7828028,40.601715],[-3.7822633,40.60146],[-3.7816336,40.60081],[-3.7797873,40.60117],[-3.778935,40.601746],[-3.7782629,40.60173],[-3.7743187,40.600544],[-3.7724724,40.600178],[-3.7681692,40.59966],[-3.765979,40.598644],[-3.765241,40.598396],[-3.764208,40.59832],[-3.762216,40.59777],[-3.7608857,40.597256],[-3.7598517,40.597008],[-3.7584617,40.596092],[-3.7573717,40.59606],[-3.7536416,40.59476],[-3.7529619,40.594772],[-3.7522197,40.59436],[-3.750148,40.592438],[-3.7492578,40.592712],[-3.74581,40.592205],[-3.7453945,40.591885],[-3.7408168,40.590645],[-3.7396863,40.589302],[-3.739169,40.58806],[-3.7385652,40.586945],[-3.7381737,40.58647],[-3.7372687,40.58607],[-3.7358382,40.585716],[-3.7331574,40.585266],[-3.7322948,40.58539],[-3.729809,40.58509],[-3.72776,40.584393],[-3.7214315,40.5826],[-3.7206626,40.58222],[-3.7194202,40.582127],[-3.717252,40.582897],[-3.7145386,40.582657],[-3.7130013,40.583294],[-3.7114937,40.58305],[-3.708589,40.58352],[-3.7078862,40.583755],[-3.7076316,40.58315],[-3.706904,40.583088],[-3.706332,40.582493],[-3.7060592,40.582047],[-3.705901,40.581356],[-3.7059226,40.579285]]],[[[-3.6973336,40.576042],[-3.697244,40.5753],[-3.697012,40.574818],[-3.6962633,40.574272],[-3.6949518,40.57369],[-3.6935146,40.57207],[-3.69272,40.571537],[-3.6926303,40.571583],[-3.6924245,40.57075],[-3.691674,40.569836],[-3.691171,40.569656],[-3.6907253,40.56917],[-3.6905637,40.569626],[-3.6904066,40.569836],[-3.6898768,40.570194],[-3.6893966,40.57036],[-3.6895907,40.56986],[-3.6895607,40.56869],[-3.689045,40.56762],[-3.6889555,40.567165],[-3.6879225,40.564953],[-3.6869688,40.56315],[-3.6857514,40.559647],[-3.6849313,40.558094],[-3.6824083,40.553833],[-3.6821208,40.552906],[-3.6822898,40.552082],[-3.682495,40.55156],[-3.6824775,40.551323],[-3.6821072,40.550682],[-3.6819,40.549988],[-3.681139,40.549206],[-3.6802385,40.548733],[-3.6796317,40.547836],[-3.6790307,40.547234],[-3.678796,40.546886],[-3.678605,40.54651],[-3.6787417,40.545383],[-3.6781685,40.543396],[-3.677977,40.542995],[-3.6774487,40.542336],[-3.6769433,40.541775],[-3.6759503,40.541107],[-3.6756241,40.540783],[-3.6748002,40.539604],[-3.6744745,40.538998],[-3.6743345,40.53853],[-3.6740842,40.53819],[-3.6732943,40.5377],[-3.6720574,40.537373],[-3.6711073,40.536304],[-3.6706462,40.535507],[-3.670223,40.535023],[-3.6693237,40.534378],[-3.6710148,40.532063],[-3.672337,40.53087],[-3.6757238,40.52838],[-3.676528,40.527245],[-3.6772068,40.526993],[-3.675582,40.52612],[-3.6750667,40.525574],[-3.672029,40.524364],[-3.6700475,40.52472],[-3.6676512,40.52501],[-3.6659439,40.524475],[-3.6659453,40.523922],[-3.6656806,40.52334],[-3.6656203,40.522957],[-3.665994,40.52156],[-3.6662395,40.521126],[-3.6628702,40.520035],[-3.661467,40.517265],[-3.6591582,40.51359],[-3.6585987,40.51167],[-3.6583238,40.51159],[-3.6587546,40.510845],[-3.6592083,40.51048],[-3.6604223,40.510426],[-3.6613536,40.51054],[-3.6628754,40.510975],[-3.6639059,40.511425],[-3.6647508,40.511932],[-3.6660523,40.51294],[-3.6683853,40.515068],[-3.6696577,40.51607],[-3.6716454,40.517307],[-3.6736162,40.518215],[-3.6786587,40.52002],[-3.6802695,40.52023],[-3.682693,40.520172],[-3.6835525,40.52025],[-3.684446,40.520393],[-3.685041,40.5206],[-3.6860073,40.522053],[-3.686939,40.522858],[-3.6880076,40.52345],[-3.6883895,40.52445],[-3.6887922,40.525093],[-3.6900592,40.52643],[-3.6903563,40.52684],[-3.6916604,40.528076],[-3.6923938,40.529118],[-3.6933382,40.530796],[-3.6936913,40.531845],[-3.6935935,40.53256],[-3.6932755,40.53369],[-3.6932697,40.534164],[-3.6933777,40.53468],[-3.6938782,40.53571],[-3.6953545,40.53832],[-3.6961365,40.539364],[-3.697331,40.540424],[-3.7010882,40.54268],[-3.702058,40.543465],[-3.7026188,40.54425],[-3.7045681,40.547935],[-3.7053432,40.549934],[-3.7061918,40.55169],[-3.7066572,40.552246],[-3.70844,40.55382],[-3.7099514,40.555702],[-3.7100573,40.55597],[-3.7106535,40.556835],[-3.7113943,40.558342],[-3.7114346,40.558914],[-3.7110896,40.56222],[-3.7108746,40.563164],[-3.7103608,40.56442],[-3.7101445,40.565353],[-3.710025,40.569748],[-3.7098649,40.570965],[-3.709329,40.572468],[-3.708636,40.5739],[-3.7060091,40.578075],[-3.7057438,40.578384],[-3.7053182,40.5785],[-3.7015896,40.578484],[-3.7015908,40.578316],[-3.7002842,40.578304],[-3.6997325,40.578026],[-3.6988037,40.57726],[-3.6981947,40.576893],[-3.6978512,40.57646],[-3.6973336,40.576042]]],[[[-3.568406,40.412945],[-3.5647876,40.413525],[-3.5636914,40.413513],[-3.5635872,40.41345],[-3.5601852,40.41324],[-3.558715,40.413074],[-3.55784,40.41286],[-3.5569172,40.412445],[-3.5555053,40.412025],[-3.5541725,40.411892],[-3.5534027,40.41169],[-3.551404,40.41192],[-3.5504885,40.41194],[-3.5495944,40.412148],[-3.5492837,40.412323],[-3.5449731,40.411427],[-3.543483,40.411312],[-3.5412738,40.410717],[-3.5402756,40.410633],[-3.539768,40.410492],[-3.5397692,40.41139],[-3.539666,40.41159],[-3.5395143,40.41163],[-3.5382905,40.411427],[-3.537904,40.411743],[-3.5378761,40.41224],[-3.5375726,40.41247],[-3.536804,40.412598],[-3.536213,40.412518],[-3.536124,40.41291],[-3.535932,40.413067],[-3.5356295,40.41315],[-3.5351672,40.414413],[-3.5339913,40.41418],[-3.5328026,40.414112],[-3.5318644,40.414246],[-3.5307324,40.41464],[-3.5302265,40.414715],[-3.5311904,40.420086],[-3.5276132,40.41765],[-3.5251842,40.41634],[-3.524443,40.415287],[-3.5222452,40.41382],[-3.5218601,40.413326],[-3.5222943,40.41282],[-3.5223088,40.41252],[-3.5215902,40.41182],[-3.5213566,40.411285],[-3.5213554,40.410973],[-3.521459,40.41065],[-3.5217953,40.410225],[-3.5225837,40.40976],[-3.5238132,40.40942],[-3.5269232,40.4089],[-3.5292404,40.408714],[-3.5304422,40.40885],[-3.532368,40.409298],[-3.5325196,40.409397],[-3.5326872,40.409718],[-3.5330794,40.40984],[-3.533323,40.409836],[-3.5336921,40.40937],[-3.5338585,40.409325],[-3.534718,40.409214],[-3.5360956,40.40922],[-3.5382035,40.409683],[-3.5410728,40.410458],[-3.5432622,40.41078],[-3.5514507,40.41112],[-3.5569093,40.4112],[-3.5579214,40.411125],[-3.560474,40.410706],[-3.5623643,40.410282],[-3.5634964,40.409946],[-3.5639482,40.40971],[-3.5655556,40.409122],[-3.5675504,40.408104],[-3.5684676,40.40748],[-3.5699193,40.406456],[-3.57263,40.404305],[-3.57479,40.40366],[-3.5758882,40.403522],[-3.5765648,40.403633],[-3.5773046,40.40393],[-3.5782259,40.40444],[-3.5808313,40.40538],[-3.5831056,40.40643],[-3.587226,40.4081],[-3.5900106,40.409077],[-3.5945373,40.410458],[-3.5990205,40.41152],[-3.600749,40.411827],[-3.6083724,40.412914],[-3.6120203,40.41383],[-3.613643,40.41404],[-3.6159315,40.414154],[-3.6163077,40.414276],[-3.6165035,40.41443],[-3.6166503,40.414635],[-3.6166792,40.414955],[-3.6165774,40.415283],[-3.6163921,40.41554],[-3.6158974,40.415817],[-3.6141407,40.416534],[-3.6074405,40.418987],[-3.6073275,40.419132],[-3.6017597,40.421116],[-3.6004462,40.42182],[-3.5996509,40.422535],[-3.5990937,40.423374],[-3.5979505,40.42665],[-3.5968163,40.428932],[-3.5963757,40.42946],[-3.595908,40.429596],[-3.5857663,40.426785],[-3.5841103,40.426662],[-3.581818,40.42691],[-3.5804093,40.4269],[-3.579752,40.426792],[-3.5796728,40.426743],[-3.5796344,40.42654],[-3.5794382,40.426514],[-3.578055,40.42658],[-3.5773356,40.426517],[-3.577483,40.426014],[-3.575254,40.425575],[-3.5762782,40.423893],[-3.57661,40.422993],[-3.5769696,40.421623],[-3.5776486,40.420246],[-3.5783098,40.41925],[-3.5787916,40.41831],[-3.5795317,40.41734],[-3.5780556,40.41499],[-3.578187,40.41484],[-3.5776403,40.413662],[-3.5729005,40.41177],[-3.5723104,40.41192],[-3.5709164,40.41196],[-3.568406,40.412945]]],[[[-3.7456279,40.3607],[-3.745226,40.360996],[-3.7442634,40.3612],[-3.7409134,40.361214],[-3.7396574,40.3613],[-3.7465367,40.359806],[-3.7456279,40.3607]]],[[[-3.8292003,40.388756],[-3.8302298,40.3901],[-3.8301902,40.390186],[-3.8305492,40.39064],[-3.8299198,40.38996],[-3.8276427,40.387093],[-3.826876,40.386257],[-3.8253734,40.385147],[-3.8237567,40.384304],[-3.8226876,40.38391],[-3.82094,40.38348],[-3.8196962,40.38332],[-3.8171284,40.383163],[-3.8151498,40.382748],[-3.8139524,40.382355],[-3.8126152,40.38179],[-3.8114336,40.38106],[-3.8107955,40.38056],[-3.8099782,40.379738],[-3.8082807,40.377033],[-3.8071175,40.37571],[-3.8067896,40.37539],[-3.8056552,40.374626],[-3.8037007,40.373085],[-3.8032477,40.372616],[-3.8030353,40.372097],[-3.8029752,40.370808],[-3.8030348,40.37036],[-3.8032875,40.36987],[-3.8058536,40.367798],[-3.8106816,40.3641],[-3.811821,40.366375],[-3.8132894,40.36983],[-3.815369,40.372498],[-3.8205826,40.378456],[-3.8213048,40.379227],[-3.821913,40.37968],[-3.8227775,40.380535],[-3.8232007,40.381104],[-3.8237288,40.382137],[-3.8292003,40.388756]]],[[[-3.790314,40.359657],[-3.7918408,40.3603],[-3.793411,40.361107],[-3.7915273,40.36088],[-3.7904203,40.360912],[-3.785946,40.361725],[-3.784356,40.3621],[-3.7825615,40.36228],[-3.7798312,40.361996],[-3.7792764,40.361855],[-3.7788153,40.361618],[-3.780318,40.361866],[-3.7809343,40.361626],[-3.7814515,40.36153],[-3.7847097,40.359955],[-3.7870805,40.358917],[-3.7877645,40.358696],[-3.790314,40.359657]]],[[[-3.615709,40.337543],[-3.6211245,40.33636],[-3.6223671,40.33619],[-3.6234396,40.33617],[-3.624662,40.336285],[-3.6255925,40.336575],[-3.6263564,40.336945],[-3.627448,40.3378],[-3.6316803,40.34219],[-3.6337898,40.34447],[-3.635574,40.346596],[-3.636308,40.347633],[-3.636744,40.34848],[-3.636858,40.349087],[-3.6367047,40.34982],[-3.6355374,40.351788],[-3.6352077,40.352108],[-3.6344802,40.352535],[-3.6334586,40.35283],[-3.6310968,40.353237],[-3.6249905,40.353916],[-3.6222053,40.354446],[-3.6208756,40.354816],[-3.6189566,40.35551],[-3.6165812,40.356674],[-3.6137729,40.35845],[-3.6124578,40.359604],[-3.6118193,40.35982],[-3.6115744,40.36011],[-3.6115248,40.360516],[-3.609557,40.362465],[-3.6041794,40.36813],[-3.6025546,40.369682],[-3.6012728,40.370445],[-3.6000721,40.370937],[-3.5984738,40.371338],[-3.597033,40.37157],[-3.5957615,40.371506],[-3.5947237,40.371243],[-3.5931013,40.370483],[-3.5907059,40.370064],[-3.5873098,40.368435],[-3.5858014,40.367603],[-3.5848448,40.367245],[-3.5836794,40.367004],[-3.579979,40.36687],[-3.578549,40.36663],[-3.57736,40.366146],[-3.5725493,40.36288],[-3.570904,40.361897],[-3.5697484,40.36086],[-3.5691853,40.360134],[-3.5687468,40.358837],[-3.568742,40.35843],[-3.5689676,40.357937],[-3.5698757,40.35705],[-3.5754066,40.352764],[-3.5765107,40.351994],[-3.580791,40.349358],[-3.5846076,40.34727],[-3.5867827,40.34631],[-3.5876546,40.34582],[-3.5910857,40.34433],[-3.5977633,40.342],[-3.6038725,40.34027],[-3.610475,40.33876],[-3.6112053,40.338654],[-3.615709,40.337543]]],[[[-3.8316834,40.39208],[-3.831033,40.391342],[-3.8306596,40.39078],[-3.8316834,40.39208]]],[[[-3.5203173,40.393776],[-3.5204067,40.3921],[-3.5225894,40.391865],[-3.5243425,40.390842],[-3.5268908,40.389793],[-3.529151,40.389385],[-3.5320847,40.391422],[-3.53272,40.391644],[-3.531062,40.392494],[-3.5298986,40.39298],[-3.5251083,40.39376],[-3.5236351,40.394165],[-3.521191,40.395],[-3.5200946,40.39504],[-3.5203173,40.393776]]],[[[-3.5446908,40.38716],[-3.5447977,40.386982],[-3.5451515,40.38672],[-3.5456343,40.385685],[-3.5457404,40.385273],[-3.546132,40.384575],[-3.5480368,40.3821],[-3.5489764,40.381214],[-3.5493176,40.38028],[-3.5491898,40.379],[-3.5507953,40.377365],[-3.552413,40.375393],[-3.553546,40.373756],[-3.5569177,40.36845],[-3.558401,40.366657],[-3.5604885,40.36458],[-3.561182,40.364105],[-3.562658,40.362896],[-3.563522,40.362476],[-3.5676417,40.361717],[-3.5688062,40.361736],[-3.5696106,40.36197],[-3.57133,40.362854],[-3.5719855,40.363434],[-3.5733385,40.364388],[-3.5775971,40.367268],[-3.5792673,40.367928],[-3.580756,40.36815],[-3.5835958,40.367786],[-3.5847802,40.368],[-3.5883632,40.36994],[-3.5899687,40.370487],[-3.5904372,40.37077],[-3.591257,40.37152],[-3.5917459,40.37184],[-3.5929472,40.372295],[-3.5936832,40.37269],[-3.5940452,40.373116],[-3.5942557,40.373516],[-3.59432,40.373985],[-3.5942254,40.3744],[-3.5939584,40.374943],[-3.593423,40.375618],[-3.590842,40.377953],[-3.5876732,40.38211],[-3.5869076,40.382565],[-3.586241,40.382595],[-3.5860085,40.382843],[-3.5860667,40.383106],[-3.5863378,40.383278],[-3.586476,40.383568],[-3.5863125,40.384594],[-3.585769,40.38623],[-3.585147,40.38705],[-3.5835674,40.388783],[-3.5825837,40.38964],[-3.581347,40.390507],[-3.5784714,40.393185],[-3.5776136,40.394295],[-3.5761576,40.396473],[-3.5755804,40.397137],[-3.5748029,40.398254],[-3.5738273,40.398975],[-3.5722744,40.399567],[-3.5713382,40.39968],[-3.5706534,40.39962],[-3.5701256,40.399483],[-3.569015,40.399017],[-3.5677087,40.398045],[-3.564374,40.397232],[-3.5632148,40.396584],[-3.5574,40.393963],[-3.5553994,40.39324],[-3.5543218,40.392967],[-3.553637,40.392956],[-3.5513008,40.392696],[-3.548087,40.39271],[-3.5454364,40.393196],[-3.5433874,40.393703],[-3.538663,40.39439],[-3.536141,40.393963],[-3.5346017,40.394066],[-3.53425,40.394054],[-3.5338626,40.393932],[-3.5335116,40.393707],[-3.5333374,40.39349],[-3.5332239,40.393173],[-3.5332472,40.39287],[-3.533396,40.392574],[-3.5336506,40.39231],[-3.53458,40.391544],[-3.537341,40.391315],[-3.5424623,40.39312],[-3.5426981,40.393105],[-3.5427015,40.39226],[-3.5432775,40.39025],[-3.5439124,40.388645],[-3.5446908,40.38716]]],[[[-3.6009135,40.475563],[-3.6006343,40.47691],[-3.6005323,40.478382],[-3.600314,40.478764],[-3.599632,40.479282],[-3.5987148,40.479507],[-3.590851,40.479465],[-3.5897286,40.479134],[-3.5894015,40.47882],[-3.5892441,40.478775],[-3.5889275,40.478874],[-3.5888045,40.479088],[-3.5885682,40.479206],[-3.5882587,40.479267],[-3.5871212,40.479202],[-3.5850782,40.47948],[-3.5848055,40.479584],[-3.5821137,40.47962],[-3.5807085,40.479485],[-3.5788474,40.478848],[-3.5779247,40.47816],[-3.5767505,40.477],[-3.575556,40.476032],[-3.5747766,40.475197],[-3.5743988,40.474407],[-3.574328,40.47377],[-3.57437,40.473446],[-3.5749583,40.471474],[-3.575355,40.468994],[-3.5752685,40.46822],[-3.574913,40.467278],[-3.574726,40.466507],[-3.5746834,40.465942],[-3.574747,40.46564],[-3.575098,40.464897],[-3.575123,40.4645],[-3.575342,40.46375],[-3.5758798,40.46278],[-3.576523,40.462128],[-3.5770214,40.462082],[-3.5776577,40.462204],[-3.578552,40.46251],[-3.5793574,40.46293],[-3.5799465,40.46337],[-3.5804482,40.46404],[-3.5806901,40.464546],[-3.5808291,40.46514],[-3.5810275,40.466526],[-3.581188,40.46694],[-3.581762,40.46779],[-3.5823636,40.46813],[-3.5836647,40.46856],[-3.5849571,40.46872],[-3.5886805,40.468822],[-3.5918207,40.468994],[-3.5924199,40.469093],[-3.5955064,40.46921],[-3.596963,40.46949],[-3.5989635,40.4702],[-3.5999918,40.47035],[-3.6010456,40.473225],[-3.6010373,40.474888],[-3.6009135,40.475563]]],[[[-3.5617568,40.361706],[-3.5616746,40.36223],[-3.5613983,40.362705],[-3.559202,40.364986],[-3.5570862,40.36756],[-3.5557168,40.369465],[-3.5524437,40.374638],[-3.5508823,40.376644],[-3.5491252,40.378593],[-3.548697,40.37741],[-3.5486934,40.37698],[-3.5489683,40.37663],[-3.550095,40.37601],[-3.5503616,40.37569],[-3.5506587,40.375183],[-3.551112,40.374004],[-3.5512223,40.373543],[-3.5511138,40.371777],[-3.5511904,40.370483],[-3.551259,40.370163],[-3.551459,40.37017],[-3.5517972,40.368153],[-3.5521924,40.367588],[-3.5523498,40.366787],[-3.552899,40.36601],[-3.5533948,40.365692],[-3.553676,40.365406],[-3.5543199,40.36506],[-3.5554419,40.364178],[-3.5556028,40.364132],[-3.5554533,40.363907],[-3.5556242,40.3638],[-3.5556445,40.363117],[-3.55604,40.362305],[-3.556058,40.361553],[-3.555938,40.36134],[-3.555771,40.36063],[-3.555718,40.35984],[-3.5555024,40.359432],[-3.5529137,40.36149],[-3.552801,40.36128],[-3.552907,40.35768],[-3.5532646,40.356136],[-3.5539782,40.356873],[-3.5548246,40.35746],[-3.5575511,40.35856],[-3.5592482,40.359512],[-3.5608113,40.36009],[-3.5613754,40.36067],[-3.5617568,40.361706]]],[[[-3.6025765,40.447216],[-3.6031146,40.448082],[-3.603406,40.448975],[-3.6035466,40.44919],[-3.603845,40.450684],[-3.6040852,40.451385],[-3.6047246,40.452354],[-3.605178,40.452747],[-3.6060717,40.45335],[-3.6076524,40.454052],[-3.6119292,40.4554],[-3.6126134,40.455696],[-3.6166012,40.45786],[-3.6179237,40.458717],[-3.6207786,40.46034],[-3.6216042,40.461014],[-3.6221516,40.46172],[-3.6232357,40.462666],[-3.623821,40.463406],[-3.624335,40.46432],[-3.6256592,40.465916],[-3.626442,40.467026],[-3.627135,40.467663],[-3.629287,40.4702],[-3.633057,40.473408],[-3.637793,40.476883],[-3.6399946,40.478607],[-3.6402528,40.478897],[-3.6390276,40.47955],[-3.6378794,40.479874],[-3.6370308,40.479862],[-3.6360767,40.47957],[-3.635297,40.47913],[-3.6337733,40.47803],[-3.6322494,40.476704],[-3.6305096,40.475025],[-3.629304,40.474155],[-3.627596,40.473213],[-3.6258433,40.472523],[-3.6222706,40.47205],[-3.6148465,40.471703],[-3.6138866,40.471546],[-3.6125085,40.471493],[-3.6099706,40.47173],[-3.6082497,40.47163],[-3.6072185,40.471478],[-3.6056514,40.471043],[-3.6047823,40.470676],[-3.6034546,40.46994],[-3.602591,40.46966],[-3.602077,40.469658],[-3.6015153,40.469784],[-3.5988443,40.469177],[-3.5953815,40.468765],[-3.5849972,40.468437],[-3.5837076,40.46808],[-3.5830529,40.467705],[-3.5828474,40.46739],[-3.5821905,40.466972],[-3.5815363,40.46624],[-3.5812566,40.4656],[-3.5809948,40.464516],[-3.5805895,40.46375],[-3.5797563,40.462994],[-3.578071,40.461937],[-3.5774603,40.46127],[-3.584773,40.455143],[-3.5863833,40.453392],[-3.5880837,40.452087],[-3.5898159,40.44941],[-3.5900457,40.448902],[-3.590059,40.447094],[-3.5903482,40.445896],[-3.591561,40.443398],[-3.591971,40.442738],[-3.5925145,40.442394],[-3.5932605,40.442303],[-3.5952613,40.442577],[-3.596107,40.44287],[-3.59844,40.444195],[-3.6013167,40.446083],[-3.6021895,40.446766],[-3.6025765,40.447216]]],[[[-3.7354176,40.362396],[-3.7368076,40.3622],[-3.7380912,40.362133],[-3.7392795,40.362186],[-3.7409601,40.36261],[-3.7417238,40.362537],[-3.7447007,40.362503],[-3.7473862,40.362],[-3.7498243,40.360886],[-3.7526777,40.36036],[-3.7570126,40.359165],[-3.7586896,40.3589],[-3.7604284,40.358826],[-3.7610526,40.358852],[-3.762527,40.359455],[-3.763994,40.359745],[-3.7648754,40.35978],[-3.7699475,40.3596],[-3.7711487,40.359863],[-3.7723536,40.359768],[-3.773431,40.360546],[-3.7766407,40.36125],[-3.7790637,40.36234],[-3.780236,40.36258],[-3.7818823,40.362724],[-3.7834625,40.362682],[-3.788358,40.362053],[-3.7891467,40.362103],[-3.7902207,40.36231],[-3.7914803,40.362907],[-3.79216,40.36344],[-3.7924306,40.363712],[-3.7925854,40.36421],[-3.7930527,40.364883],[-3.7957985,40.3677],[-3.8050823,40.37466],[-3.8067045,40.37595],[-3.8078134,40.37717],[-3.80858,40.37841],[-3.8095992,40.379826],[-3.810225,40.380493],[-3.810929,40.381092],[-3.811828,40.381702],[-3.8128831,40.38228],[-3.8146496,40.38296],[-3.8167531,40.38341],[-3.8199086,40.383633],[-3.8212848,40.383846],[-3.823058,40.384426],[-3.8240185,40.384872],[-3.8255334,40.38588],[-3.8267725,40.38702],[-3.8311417,40.392765],[-3.8316326,40.393528],[-3.8318322,40.394466],[-3.831585,40.3952],[-3.8312702,40.395607],[-3.8309205,40.395905],[-3.8299975,40.396343],[-3.8269548,40.396404],[-3.8253067,40.39657],[-3.823145,40.396503],[-3.8223188,40.396626],[-3.8206625,40.396618],[-3.8193102,40.396366],[-3.818265,40.395954],[-3.814852,40.39403],[-3.810862,40.392803],[-3.808414,40.392414],[-3.8042572,40.392056],[-3.7964659,40.392265],[-3.7937887,40.393635],[-3.788587,40.393974],[-3.7893944,40.392418],[-3.7867591,40.392826],[-3.7814848,40.394184],[-3.7807148,40.395336],[-3.7801092,40.395836],[-3.779675,40.396847],[-3.7781136,40.397655],[-3.7781086,40.398045],[-3.7776504,40.399136],[-3.775853,40.40009],[-3.7745595,40.400307],[-3.7743428,40.402107],[-3.7763505,40.404037],[-3.7768831,40.40529],[-3.777665,40.40637],[-3.7783709,40.407627],[-3.7786117,40.408226],[-3.7794676,40.41223],[-3.7805657,40.414253],[-3.7813938,40.41756],[-3.781151,40.418648],[-3.7803557,40.4219],[-3.7791185,40.424274],[-3.770783,40.42943],[-3.7708285,40.444057],[-3.771225,40.444035],[-3.7677047,40.44713],[-3.7669587,40.447704],[-3.765907,40.448265],[-3.7625952,40.449547],[-3.7655025,40.453564],[-3.7678976,40.456543],[-3.7702994,40.459885],[-3.770552,40.46007],[-3.770967,40.460648],[-3.7712028,40.461338],[-3.7711067,40.46233],[-3.7826211,40.46361],[-3.791944,40.464752],[-3.7935138,40.465065],[-3.7938294,40.465374],[-3.793778,40.465755],[-3.79327,40.46621],[-3.7917624,40.46701],[-3.7873828,40.469986],[-3.786456,40.470715],[-3.784875,40.472164],[-3.7840924,40.472748],[-3.782517,40.473587],[-3.7808466,40.474113],[-3.779406,40.47434],[-3.7777789,40.474426],[-3.7712286,40.474316],[-3.767899,40.473858],[-3.7639632,40.472744],[-3.7621036,40.472496],[-3.7611537,40.472515],[-3.7599912,40.472687],[-3.7591474,40.472916],[-3.7578514,40.473454],[-3.75632,40.474594],[-3.7549462,40.475925],[-3.7547925,40.476204],[-3.7543318,40.476646],[-3.753252,40.47746],[-3.752101,40.47808],[-3.7494307,40.479187],[-3.7472756,40.4804],[-3.7451115,40.482555],[-3.7433662,40.484497],[-3.7420096,40.486164],[-3.740982,40.48778],[-3.7402015,40.488754],[-3.7387247,40.490208],[-3.7367857,40.491657],[-3.7346346,40.492847],[-3.733502,40.493294],[-3.7298129,40.494404],[-3.728811,40.49483],[-3.7273788,40.495594],[-3.7254212,40.496857],[-3.7238607,40.49807],[-3.7229948,40.498856],[-3.7211838,40.500755],[-3.7199378,40.501724],[-3.7164407,40.50358],[-3.7078106,40.50783],[-3.6987956,40.512413],[-3.6958466,40.51426],[-3.693,40.5164],[-3.6919093,40.517326],[-3.6906326,40.518204],[-3.6885304,40.518993],[-3.6877096,40.5185],[-3.6869369,40.51832],[-3.686214,40.518276],[-3.6852863,40.5184],[-3.6833854,40.518997],[-3.6828506,40.519096],[-3.6812353,40.51911],[-3.676976,40.518265],[-3.675887,40.517956],[-3.6740427,40.5173],[-3.671649,40.51613],[-3.6713502,40.516064],[-3.6709433,40.515686],[-3.6701536,40.515198],[-3.6682143,40.513786],[-3.6645153,40.51079],[-3.6625087,40.509697],[-3.6606767,40.50902],[-3.6588643,40.509266],[-3.657161,40.50916],[-3.6556478,40.508957],[-3.6545966,40.50872],[-3.6536906,40.508408],[-3.6525226,40.507854],[-3.6509874,40.506626],[-3.6502964,40.505898],[-3.6496482,40.504993],[-3.6491327,40.503933],[-3.6489015,40.503185],[-3.6487634,40.50233],[-3.6487572,40.501335],[-3.6489491,40.499695],[-3.6488454,40.498848],[-3.6483684,40.497604],[-3.648304,40.496788],[-3.6478653,40.495594],[-3.6459157,40.492516],[-3.6449666,40.490265],[-3.6446989,40.489044],[-3.6446369,40.488346],[-3.6448708,40.484684],[-3.6447287,40.48338],[-3.6443143,40.48201],[-3.6427395,40.479282],[-3.6424167,40.479008],[-3.6417217,40.478733],[-3.6408236,40.478695],[-3.6397808,40.477844],[-3.635834,40.475266],[-3.6344452,40.47426],[-3.632645,40.47287],[-3.630922,40.471413],[-3.6281993,40.46853],[-3.6251726,40.464584],[-3.6229482,40.461857],[-3.622084,40.46094],[-3.6210675,40.46007],[-3.6128812,40.455498],[-3.611414,40.454906],[-3.6069825,40.45351],[-3.6061108,40.45311],[-3.6055892,40.45273],[-3.604915,40.452076],[-3.60447,40.451397],[-3.6042142,40.450706],[-3.6038575,40.44894],[-3.60354,40.448048],[-3.6032133,40.447395],[-3.6026232,40.446644],[-3.6014972,40.44576],[-3.5952148,40.44175],[-3.5943966,40.44107],[-3.593885,40.44041],[-3.593556,40.43972],[-3.5934083,40.43865],[-3.5934906,40.43807],[-3.594063,40.436005],[-3.5947592,40.43442],[-3.5958233,40.43244],[-3.5967805,40.431297],[-3.5973287,40.43045],[-3.5975273,40.429688],[-3.5976079,40.4285],[-3.5978506,40.42803],[-3.5988781,40.424744],[-3.5994809,40.423206],[-3.599875,40.422653],[-3.6003306,40.422203],[-3.6011026,40.42166],[-3.6015885,40.42142],[-3.6056845,40.41994],[-3.6082716,40.419117],[-3.6089065,40.4188],[-3.617449,40.415718],[-3.6182005,40.41543],[-3.6193871,40.41463],[-3.619984,40.414013],[-3.6205802,40.413116],[-3.6222656,40.409767],[-3.6227994,40.40901],[-3.6244624,40.405567],[-3.626057,40.402508],[-3.6264403,40.40135],[-3.6272292,40.398006],[-3.62781,40.39675],[-3.629143,40.39461],[-3.629865,40.393234],[-3.6315317,40.390434],[-3.6320176,40.389378],[-3.6344683,40.38603],[-3.6371682,40.38306],[-3.6382797,40.38198],[-3.6395445,40.38103],[-3.6409106,40.38023],[-3.6423123,40.3796],[-3.64374,40.379112],[-3.6449273,40.378815],[-3.649713,40.378067],[-3.6512473,40.37741],[-3.6522617,40.37671],[-3.6527798,40.376247],[-3.6537712,40.374184],[-3.6547685,40.371098],[-3.6550932,40.370525],[-3.6556091,40.36998],[-3.6562154,40.36957],[-3.6580503,40.36862],[-3.658766,40.36817],[-3.6589446,40.36839],[-3.6591818,40.368458],[-3.659502,40.368423],[-3.6600623,40.36819],[-3.6603017,40.367954],[-3.6603565,40.367714],[-3.660265,40.36752],[-3.6599426,40.36736],[-3.6609495,40.367393],[-3.6612768,40.3673],[-3.6614108,40.367123],[-3.6613662,40.36689],[-3.6611052,40.366745],[-3.6607938,40.36674],[-3.6621838,40.36588],[-3.6647968,40.365276],[-3.6664045,40.364635],[-3.6670637,40.36399],[-3.667441,40.363117],[-3.6676552,40.362804],[-3.6680849,40.362553],[-3.6695585,40.362],[-3.6706455,40.361702],[-3.6727307,40.361317],[-3.6739786,40.361195],[-3.674997,40.36141],[-3.6758118,40.361916],[-3.6761642,40.36203],[-3.6769505,40.362133],[-3.678651,40.362133],[-3.680804,40.361843],[-3.6818295,40.36178],[-3.6829412,40.36188],[-3.6836789,40.362072],[-3.6882362,40.36371],[-3.6899707,40.364254],[-3.6912243,40.36453],[-3.692864,40.36471],[-3.6933923,40.364937],[-3.6939118,40.365013],[-3.6944475,40.364956],[-3.6948678,40.364796],[-3.697523,40.36463],[-3.7015548,40.36384],[-3.7034702,40.363712],[-3.7076259,40.364037],[-3.7128463,40.364307],[-3.7176044,40.364834],[-3.7198002,40.364944],[-3.7209685,40.36492],[-3.7208915,40.365547],[-3.72346,40.36537],[-3.727115,40.364544],[-3.7287216,40.364],[-3.7354176,40.362396],[-3.7121792,40.407207],[-3.713361,40.408737],[-3.7138667,40.409683],[-3.7141647,40.410534],[-3.7144413,40.410828],[-3.714444,40.41097],[-3.7140756,40.411125],[-3.7136598,40.414948],[-3.7149222,40.41506],[-3.715046,40.414963],[-3.7151284,40.4144],[-3.7167115,40.41436],[-3.7167194,40.41407],[-3.7166176,40.41399],[-3.7180223,40.41122],[-3.718012,40.411026],[-3.7166607,40.408848],[-3.715319,40.408234],[-3.7127001,40.40723],[-3.712697,40.40715],[-3.7121394,40.406914],[-3.7120767,40.407005],[-3.7121792,40.407207],[-3.711567,40.407284],[-3.711249,40.407204],[-3.7110023,40.40704],[-3.7109296,40.4069],[-3.7109313,40.406776],[-3.7110572,40.406662],[-3.7032735,40.405235],[-3.7029314,40.405525],[-3.7026067,40.405582],[-3.7021847,40.40556],[-3.7018409,40.405376],[-3.69416,40.40749],[-3.693243,40.408062],[-3.692436,40.409153],[-3.6935163,40.412514],[-3.69429,40.4144],[-3.6944053,40.414658],[-3.6947205,40.4148],[-3.6948555,40.414764],[-3.6949465,40.414852],[-3.6948905,40.414925],[-3.6950204,40.4153],[-3.6950998,40.41533],[-3.6949542,40.415653],[-3.6948304,40.415623],[-3.6939342,40.4189],[-3.6940422,40.418983],[-3.694168,40.41943],[-3.6937647,40.4195],[-3.6934454,40.4198],[-3.6914754,40.42408],[-3.691127,40.42509],[-3.6916425,40.425205],[-3.6915977,40.425323],[-3.6922388,40.42553],[-3.692177,40.42571],[-3.6956453,40.427437],[-3.696285,40.427628],[-3.7019064,40.42881],[-3.7052805,40.42938],[-3.7054453,40.429237],[-3.7057862,40.42915],[-3.7061348,40.429207],[-3.7063835,40.429523],[-3.7138543,40.430237],[-3.7147973,40.428883],[-3.71169,40.424553],[-3.710853,40.423656],[-3.7107482,40.423656],[-3.7105513,40.423435],[-3.7108517,40.423176],[-3.7126749,40.42214],[-3.712703,40.4219],[-3.7126007,40.421818],[-3.7125363,40.421066],[-3.71268,40.420963],[-3.713279,40.415627],[-3.7133622,40.41546],[-3.713391,40.415173],[-3.713248,40.414467],[-3.7134721,40.41447],[-3.7135406,40.413807],[-3.7132752,40.413807],[-3.7133005,40.413525],[-3.713225,40.413494],[-3.7133274,40.4134],[-3.7133656,40.4131],[-3.713592,40.413067],[-3.7136211,40.412968],[-3.7138462,40.411064],[-3.7136426,40.410545],[-3.7137392,40.410442],[-3.7132313,40.409634],[-3.7131317,40.409584],[-3.7127247,40.40842],[-3.711772,40.407272],[-3.7119393,40.407166],[-3.7258573,40.38104],[-3.7232704,40.379208],[-3.7192273,40.379078],[-3.719077,40.380295],[-3.719169,40.38112],[-3.7188158,40.381916],[-3.718418,40.383335],[-3.7171416,40.38309],[-3.7170238,40.38331],[-3.7167933,40.383354],[-3.7156491,40.383106],[-3.7150073,40.38268],[-3.7134843,40.382713],[-3.7134583,40.383133],[-3.7135863,40.383434],[-3.7135274,40.38389],[-3.7129707,40.384617],[-3.712075,40.38502],[-3.7122424,40.385265],[-3.712191,40.38543],[-3.712748,40.386295],[-3.7125487,40.388176],[-3.7121959,40.388565],[-3.7117753,40.38958],[-3.7121036,40.39009],[-3.7127976,40.38976],[-3.7136855,40.389156],[-3.7160895,40.38688],[-3.7162867,40.386795],[-3.7168355,40.38688],[-3.7170048,40.38657],[-3.7180915,40.386772],[-3.7194126,40.3863],[-3.7197013,40.385937],[-3.719681,40.385372],[-3.7195823,40.385372],[-3.7195792,40.385155],[-3.7211454,40.385117],[-3.7214153,40.38502],[-3.7218113,40.38512],[-3.7234888,40.38525],[-3.72347,40.38491],[-3.7235503,40.384834],[-3.723626,40.384293],[-3.7237396,40.384243],[-3.7234328,40.38398],[-3.723598,40.383892],[-3.7235055,40.383724],[-3.7247448,40.38305],[-3.724924,40.383175],[-3.7250822,40.38309],[-3.726805,40.381714],[-3.7258956,40.381065],[-3.7258327,40.38112],[-3.7354176,40.362396]]],[[[-3.7463598,40.36035],[-3.7470412,40.359695],[-3.750584,40.358906],[-3.7493012,40.359756],[-3.7478807,40.36037],[-3.7457893,40.360874],[-3.7463598,40.36035]]],[[[-3.5870566,40.385727],[-3.589659,40.380947],[-3.5914843,40.378506],[-3.5925357,40.377483],[-3.5943127,40.376087],[-3.5950212,40.375698],[-3.595629,40.375492],[-3.5964572,40.37535],[-3.5977724,40.375404],[-3.5989206,40.37575],[-3.5995314,40.376095],[-3.5999994,40.376545],[-3.6012957,40.37855],[-3.6041117,40.383858],[-3.6049302,40.384987],[-3.6055734,40.385674],[-3.6065378,40.38644],[-3.6083565,40.387604],[-3.6098235,40.38824],[-3.6109247,40.388588],[-3.6241782,40.391674],[-3.626071,40.391987],[-3.6265495,40.392258],[-3.6269855,40.39271],[-3.6279154,40.394196],[-3.628028,40.394596],[-3.6279783,40.395004],[-3.6270092,40.39743],[-3.6261039,40.401093],[-3.6256144,40.402462],[-3.6251872,40.40326],[-3.625066,40.403687],[-3.62291,40.407646],[-3.6228278,40.40795],[-3.622566,40.408237],[-3.6214678,40.410046],[-3.6210392,40.410515],[-3.61999,40.411304],[-3.616471,40.412926],[-3.6154287,40.41321],[-3.614211,40.41341],[-3.6122732,40.413322],[-3.6102345,40.412895],[-3.6093004,40.412434],[-3.6083083,40.412216],[-3.6038675,40.41154],[-3.6001372,40.411182],[-3.5949826,40.410168],[-3.5921698,40.409424],[-3.5882814,40.408154],[-3.5851808,40.40695],[-3.5822854,40.405636],[-3.5799928,40.404438],[-3.577455,40.403255],[-3.5771089,40.402996],[-3.5767746,40.402573],[-3.5764987,40.40076],[-3.5758328,40.399433],[-3.575755,40.398937],[-3.5758383,40.398502],[-3.57682,40.396683],[-3.5773466,40.395454],[-3.5785697,40.393642],[-3.580178,40.39201],[-3.5834897,40.389484],[-3.5840416,40.389248],[-3.585055,40.388393],[-3.5865726,40.386612],[-3.5870566,40.385727]]],[[[-3.672859,40.334217],[-3.674956,40.33331],[-3.6769793,40.332287],[-3.6787388,40.33119],[-3.68192,40.328873],[-3.6835456,40.327938],[-3.6858974,40.326992],[-3.688068,40.326473],[-3.6882434,40.327682],[-3.6881952,40.32815],[-3.687882,40.328606],[-3.6873972,40.32903],[-3.6854498,40.33035],[-3.6809423,40.332325],[-3.6791265,40.333324],[-3.676795,40.335037],[-3.675788,40.33604],[-3.6748269,40.3359],[-3.6728,40.335217],[-3.6719005,40.335056],[-3.6719735,40.334866],[-3.6722565,40.334568],[-3.672859,40.334217]]],[[[-3.6096456,40.364063],[-3.6119175,40.361843],[-3.6125422,40.36112],[-3.6132522,40.360912],[-3.6134183,40.36059],[-3.6149,40.358917],[-3.6158237,40.358074],[-3.617609,40.35694],[-3.6200795,40.35587],[-3.6223493,40.35516],[-3.6240816,40.35479],[-3.6257272,40.354546],[-3.6341124,40.35364],[-3.6348488,40.353622],[-3.6369798,40.353783],[-3.6378896,40.354103],[-3.6382036,40.354324],[-3.6385624,40.35474],[-3.6393256,40.35691],[-3.64017,40.359695],[-3.6410275,40.36163],[-3.6415062,40.36247],[-3.641993,40.363132],[-3.642648,40.363808],[-3.6435177,40.364483],[-3.6472478,40.366642],[-3.6485653,40.367634],[-3.6497517,40.36888],[-3.65169,40.371532],[-3.6528518,40.372555],[-3.6522238,40.374107],[-3.6516836,40.375896],[-3.6513658,40.3764],[-3.6508574,40.37685],[-3.6503007,40.377163],[-3.6491938,40.37756],[-3.6465254,40.378067],[-3.6439495,40.378696],[-3.6416614,40.37953],[-3.639724,40.380527],[-3.638426,40.38142],[-3.6374025,40.382256],[-3.6345239,40.38513],[-3.6344035,40.38539],[-3.6334255,40.38656],[-3.6315403,40.389194],[-3.630689,40.39003],[-3.6299906,40.390503],[-3.6280594,40.391396],[-3.6271849,40.391613],[-3.6263719,40.391613],[-3.6254652,40.39131],[-3.6125813,40.388676],[-3.6101787,40.388058],[-3.6081767,40.387196],[-3.606717,40.38626],[-3.6058564,40.38553],[-3.6044235,40.38379],[-3.603813,40.382664],[-3.6016588,40.37782],[-3.6013184,40.377335],[-3.6006718,40.375454],[-3.6006064,40.374523],[-3.6006954,40.373844],[-3.6009564,40.373135],[-3.601618,40.37226],[-3.603679,40.370262],[-3.6042023,40.369644],[-3.6096456,40.364063]]],[[[-3.653169,40.37395],[-3.6526787,40.375034],[-3.6521816,40.37586],[-3.651681,40.376446],[-3.6509593,40.377068],[-3.6502678,40.377445],[-3.649309,40.377735],[-3.646857,40.378136],[-3.6493392,40.377625],[-3.6504529,40.37721],[-3.6509593,40.37692],[-3.6514566,40.376488],[-3.6518142,40.375996],[-3.6522615,40.374363],[-3.6529434,40.372677],[-3.6532247,40.373226],[-3.653169,40.37395]]],[[[-3.5581534,40.449608],[-3.5635827,40.449734],[-3.5641553,40.451694],[-3.564004,40.45197],[-3.560697,40.452095],[-3.556374,40.452457],[-3.554425,40.452515],[-3.5541706,40.452488],[-3.5537455,40.452286],[-3.5531583,40.452465],[-3.5514174,40.45231],[-3.5497348,40.45207],[-3.5473487,40.451588],[-3.5452576,40.451565],[-3.5447423,40.451374],[-3.5443354,40.451435],[-3.543638,40.451088],[-3.5425477,40.450207],[-3.5424306,40.450073],[-3.5424519,40.449776],[-3.542386,40.449673],[-3.5425425,40.449467],[-3.5437696,40.44865],[-3.544284,40.44843],[-3.5447953,40.44835],[-3.5549448,40.449387],[-3.5572598,40.4496],[-3.5581534,40.449608]]],[[[-3.8325882,40.393475],[-3.8320007,40.392513],[-3.8327575,40.39375],[-3.8334563,40.395473],[-3.834162,40.396057],[-3.8338094,40.39617],[-3.8334026,40.39613],[-3.8332117,40.395016],[-3.8325882,40.393475]]],[[[-3.837383,40.47296],[-3.836115,40.474895],[-3.8367636,40.47516],[-3.8308063,40.47421],[-3.82859,40.4737],[-3.8267508,40.47311],[-3.8208244,40.47097],[-3.8126507,40.46727],[-3.8112626,40.466747],[-3.809954,40.466446],[-3.8048046,40.46571],[-3.8035128,40.465416],[-3.8028078,40.465004],[-3.8014247,40.463863],[-3.80113,40.463497],[-3.800999,40.463177],[-3.801001,40.462868],[-3.8011432,40.462536],[-3.8014574,40.462234],[-3.8023324,40.461956],[-3.8041356,40.46303],[-3.807329,40.46348],[-3.8101158,40.46429],[-3.812894,40.463757],[-3.8151717,40.463802],[-3.817407,40.464485],[-3.818807,40.46452],[-3.8198695,40.464424],[-3.820983,40.46452],[-3.8222258,40.46477],[-3.8236175,40.464706],[-3.8247771,40.46484],[-3.8271222,40.466007],[-3.8289747,40.466316],[-3.8309216,40.465935],[-3.8343527,40.464417],[-3.8356366,40.465836],[-3.8369155,40.466976],[-3.8382568,40.467766],[-3.8381338,40.470924],[-3.837383,40.47296]]],[[[-3.7617605,40.35823],[-3.7611473,40.357876],[-3.7662475,40.358765],[-3.768358,40.359238],[-3.7666054,40.359283],[-3.7648957,40.35913],[-3.7631493,40.358765],[-3.7617605,40.35823]]],[[[-3.7790704,40.46287],[-3.772815,40.46216],[-3.7723866,40.46203],[-3.7720764,40.46182],[-3.7692661,40.458035],[-3.7681186,40.45635],[-3.7655804,40.45318],[-3.7654355,40.452877],[-3.7636435,40.450485],[-3.7633598,40.450024],[-3.7633522,40.449833],[-3.7639666,40.449356],[-3.766519,40.448154],[-3.7673013,40.447666],[-3.7715058,40.44402],[-3.777524,40.443687],[-3.7786598,40.44385],[-3.7794838,40.444214],[-3.7846859,40.444355],[-3.787281,40.443336],[-3.7900903,40.44236],[-3.7887843,40.445766],[-3.7902195,40.44581],[-3.7903361,40.447712],[-3.7909572,40.4475],[-3.7911735,40.448063],[-3.791388,40.449436],[-3.7924192,40.451664],[-3.7934198,40.45331],[-3.792966,40.453705],[-3.79306,40.453926],[-3.7938042,40.45478],[-3.7940989,40.45501],[-3.7944129,40.45562],[-3.7948544,40.456078],[-3.7956016,40.456413],[-3.7952964,40.457005],[-3.7958186,40.457912],[-3.7988925,40.459145],[-3.800557,40.46037],[-3.8019674,40.461628],[-3.79772,40.462463],[-3.7948132,40.46421],[-3.794172,40.46446],[-3.7936807,40.464497],[-3.7907367,40.464226],[-3.7790704,40.46287]]],[[[-3.5192108,40.40577],[-3.5189416,40.40455],[-3.5182028,40.403126],[-3.5181315,40.40196],[-3.5185595,40.400112],[-3.5194974,40.397842],[-3.5195978,40.397854],[-3.5199325,40.395958],[-3.5227258,40.395275],[-3.5264523,40.394787],[-3.5271885,40.39482],[-3.527762,40.395035],[-3.52809,40.39528],[-3.528468,40.395786],[-3.5285444,40.396305],[-3.5279684,40.39788],[-3.5278013,40.398552],[-3.527781,40.40057],[-3.5275867,40.40175],[-3.5272563,40.40284],[-3.5268316,40.403812],[-3.5262523,40.404797],[-3.5255277,40.405724],[-3.524189,40.407063],[-3.5228448,40.408054],[-3.5211527,40.408955],[-3.5204408,40.408966],[-3.519181,40.408886],[-3.519302,40.406994],[-3.5192108,40.40577]]],[[[-3.7541232,40.35886],[-3.7540276,40.359135],[-3.753791,40.359386],[-3.7532327,40.359676],[-3.7499099,40.360493],[-3.7514925,40.35869],[-3.7541728,40.358044],[-3.7541232,40.35886]]],[[[-3.585074,40.318356],[-3.583817,40.31581],[-3.582409,40.316143],[-3.5818858,40.31588],[-3.5804844,40.315968],[-3.5792823,40.31587],[-3.5777957,40.314648],[-3.5761263,40.314884],[-3.5779684,40.313892],[-3.5796916,40.313877],[-3.580656,40.31379],[-3.5816464,40.31359],[-3.5825279,40.313526],[-3.5834715,40.31331],[-3.5874355,40.31279],[-3.5953383,40.31235],[-3.5982587,40.312065],[-3.5992386,40.31217],[-3.606385,40.31347],[-3.6081204,40.313663],[-3.6111507,40.314312],[-3.6138773,40.31559],[-3.6159651,40.31776],[-3.6174498,40.31819],[-3.620008,40.31912],[-3.623534,40.31985],[-3.6246924,40.320427],[-3.6259925,40.319218],[-3.6274,40.31959],[-3.6283996,40.319946],[-3.6304297,40.320774],[-3.6329038,40.322304],[-3.6361082,40.324753],[-3.635999,40.32484],[-3.636227,40.325047],[-3.6378212,40.326103],[-3.6392014,40.327137],[-3.6366026,40.32945],[-3.6357617,40.330082],[-3.6349075,40.33059],[-3.6345344,40.33099],[-3.631823,40.33164],[-3.6301494,40.331783],[-3.627833,40.331802],[-3.6267512,40.3321],[-3.6259222,40.332573],[-3.6254203,40.333054],[-3.6249905,40.33379],[-3.62475,40.335014],[-3.6012142,40.340572],[-3.5944746,40.3426],[-3.5903552,40.344208],[-3.584266,40.346912],[-3.5803843,40.34901],[-3.5772939,40.350792],[-3.5714836,40.354916],[-3.5693734,40.35652],[-3.5686388,40.35696],[-3.5678115,40.35729],[-3.5650628,40.357964],[-3.563001,40.358627],[-3.5622604,40.358772],[-3.5616703,40.35878],[-3.5615268,40.35874],[-3.5613477,40.35849],[-3.560358,40.358067],[-3.558346,40.357746],[-3.558281,40.357662],[-3.5580776,40.35765],[-3.5580323,40.35773],[-3.557827,40.357773],[-3.5565023,40.357445],[-3.555079,40.356655],[-3.555014,40.356335],[-3.55485,40.356117],[-3.5545404,40.35629],[-3.5538177,40.35539],[-3.5547285,40.35431],[-3.5566356,40.3531],[-3.5576904,40.352665],[-3.5589137,40.35027],[-3.5607412,40.34918],[-3.5621567,40.347095],[-3.56536,40.34438],[-3.568246,40.340904],[-3.5699463,40.33763],[-3.5718825,40.334614],[-3.5727377,40.33366],[-3.5752814,40.331863],[-3.576763,40.33025],[-3.5795195,40.32795],[-3.582487,40.326256],[-3.584363,40.322563],[-3.5850708,40.320415],[-3.585074,40.318356]]],[[[-3.5475025,40.442623],[-3.5495837,40.442528],[-3.5516627,40.44219],[-3.5536342,40.4416],[-3.556362,40.44041],[-3.5571032,40.44017],[-3.5584824,40.439877],[-3.5589457,40.43991],[-3.559349,40.440044],[-3.5596826,40.440273],[-3.5608966,40.44152],[-3.5614057,40.44219],[-3.5611713,40.442562],[-3.5611672,40.442738],[-3.5616004,40.44306],[-3.5634627,40.449352],[-3.5616965,40.44921],[-3.5584996,40.449146],[-3.5558617,40.448975],[-3.5478215,40.448048],[-3.5438497,40.447655],[-3.542707,40.44764],[-3.5405784,40.44743],[-3.5396361,40.44726],[-3.5374086,40.44703],[-3.534951,40.446346],[-3.5354958,40.44648],[-3.534991,40.444958],[-3.535585,40.44471],[-3.5384095,40.44501],[-3.5379746,40.444313],[-3.5408287,40.444633],[-3.5413551,40.443626],[-3.5452101,40.442616],[-3.546159,40.4425],[-3.5475025,40.442623]]],[[[-3.800204,40.362743],[-3.8028579,40.36333],[-3.8040931,40.36437],[-3.8069303,40.36645],[-3.8104675,40.363754],[-3.8062904,40.367096],[-3.8010647,40.371113],[-3.796901,40.36802],[-3.7959702,40.3672],[-3.7951236,40.366295],[-3.7937293,40.36452],[-3.7934802,40.36386],[-3.7935693,40.36324],[-3.7939699,40.36265],[-3.7945333,40.36227],[-3.7950692,40.36208],[-3.7959483,40.362007],[-3.800204,40.362743]]],[[[-3.642174,40.328735],[-3.643068,40.329205],[-3.6443014,40.330578],[-3.6475008,40.33234],[-3.649186,40.333378],[-3.649513,40.332657],[-3.6500185,40.332275],[-3.6502764,40.332413],[-3.6550431,40.33002],[-3.6597965,40.32791],[-3.6599727,40.32849],[-3.661145,40.32973],[-3.6613245,40.330044],[-3.6613233,40.330532],[-3.6619408,40.331142],[-3.6627429,40.332428],[-3.6642725,40.33412],[-3.6650162,40.335148],[-3.6655061,40.33535],[-3.6661,40.33603],[-3.6635265,40.33728],[-3.6604438,40.33905],[-3.6594188,40.339745],[-3.6588318,40.340282],[-3.657369,40.341278],[-3.6546295,40.34343],[-3.652958,40.344624],[-3.6515172,40.345535],[-3.6493638,40.34668],[-3.6470914,40.34765],[-3.6464357,40.348034],[-3.642415,40.3495],[-3.641566,40.34963],[-3.6410768,40.349617],[-3.6392298,40.349174],[-3.6384904,40.348885],[-3.6378539,40.34844],[-3.6360676,40.346004],[-3.6310453,40.34089],[-3.63051,40.34007],[-3.6300998,40.33908],[-3.6298053,40.337635],[-3.6298304,40.3371],[-3.630033,40.336117],[-3.6303172,40.335396],[-3.6307945,40.33457],[-3.6314266,40.3338],[-3.6326,40.332783],[-3.635639,40.330807],[-3.6375918,40.329174],[-3.6395032,40.327324],[-3.6403704,40.327908],[-3.6413512,40.328278],[-3.641844,40.328625],[-3.642174,40.328735]]],[[[-3.629282,40.498455],[-3.630732,40.49839],[-3.631769,40.49847],[-3.6327913,40.498653],[-3.6353405,40.499336],[-3.6360953,40.49947],[-3.6371293,40.499527],[-3.6378775,40.499485],[-3.6390502,40.499268],[-3.64371,40.497726],[-3.644862,40.497677],[-3.645893,40.49793],[-3.646503,40.49832],[-3.6468587,40.498783],[-3.6471918,40.499966],[-3.647673,40.501076],[-3.6482432,40.50412],[-3.6486304,40.505054],[-3.6494224,40.50626],[-3.6507995,40.50765],[-3.651097,40.508255],[-3.6518652,40.508873],[-3.6531746,40.509495],[-3.6570039,40.510597],[-3.6571016,40.51079],[-3.6569118,40.511242],[-3.656298,40.512287],[-3.655717,40.513012],[-3.654533,40.512787],[-3.6523807,40.511436],[-3.6524484,40.51112],[-3.648971,40.510784],[-3.6480148,40.510426],[-3.647487,40.51003],[-3.6457722,40.50836],[-3.6448412,40.50788],[-3.6443434,40.508114],[-3.643366,40.507935],[-3.6421053,40.508213],[-3.6413505,40.508137],[-3.6410816,40.508053],[-3.6411004,40.508003],[-3.6395545,40.50788],[-3.6336472,40.507816],[-3.6332765,40.507652],[-3.632889,40.50774],[-3.6322732,40.508076],[-3.6313267,40.50845],[-3.6303406,40.508476],[-3.6291473,40.508354],[-3.6283262,40.508442],[-3.625959,40.50938],[-3.6251054,40.50947],[-3.6244206,40.509357],[-3.6235688,40.509068],[-3.623131,40.50904],[-3.6222897,40.509304],[-3.621522,40.509953],[-3.6210716,40.510155],[-3.6197815,40.51027],[-3.618211,40.51012],[-3.6165144,40.51074],[-3.615233,40.51099],[-3.6143174,40.510742],[-3.6142225,40.51068],[-3.6142602,40.51038],[-3.6141443,40.510136],[-3.6134324,40.509598],[-3.6123939,40.509106],[-3.6112018,40.508923],[-3.610827,40.50868],[-3.6093738,40.507393],[-3.6082385,40.506668],[-3.6069598,40.506104],[-3.6065128,40.5058],[-3.6062288,40.505493],[-3.6059325,40.50412],[-3.6065063,40.50389],[-3.60662,40.50394],[-3.607391,40.5036],[-3.6080368,40.503063],[-3.6084688,40.50283],[-3.609981,40.5023],[-3.6104398,40.502037],[-3.6114676,40.50163],[-3.6123161,40.50137],[-3.615874,40.5],[-3.6175852,40.499508],[-3.6191387,40.49922],[-3.6205013,40.499073],[-3.6258636,40.498974],[-3.629282,40.498455]]],[[[-3.602406,40.494907],[-3.60251,40.48976],[-3.602336,40.48553],[-3.6024399,40.48075],[-3.6023653,40.478928],[-3.6024096,40.477608],[-3.6022613,40.475945],[-3.602359,40.475094],[-3.6023495,40.473286],[-3.6024992,40.47237],[-3.6026564,40.472095],[-3.6028535,40.471874],[-3.6033945,40.471516],[-3.6039813,40.471344],[-3.6046534,40.47163],[-3.6057124,40.471912],[-3.6071668,40.47214],[-3.6094818,40.47224],[-3.6113617,40.472748],[-3.6117458,40.473057],[-3.61211,40.47305],[-3.6125681,40.472588],[-3.6132987,40.47236],[-3.6233282,40.472603],[-3.6246011,40.4728],[-3.627343,40.473614],[-3.628554,40.47417],[-3.6293132,40.474625],[-3.6305804,40.47559],[-3.631983,40.476963],[-3.6333275,40.478123],[-3.634089,40.47871],[-3.635922,40.479794],[-3.6369889,40.480137],[-3.6398885,40.48017],[-3.6409354,40.48041],[-3.641837,40.480804],[-3.6425042,40.481224],[-3.6432552,40.481922],[-3.6436887,40.48254],[-3.644041,40.48342],[-3.644173,40.484715],[-3.6438105,40.48758],[-3.643916,40.489334],[-3.6443322,40.49097],[-3.6455443,40.493774],[-3.645728,40.49461],[-3.6456695,40.49521],[-3.6454456,40.49579],[-3.645092,40.49631],[-3.6445572,40.49681],[-3.6432836,40.497143],[-3.6396372,40.498787],[-3.6387172,40.49907],[-3.6372492,40.499256],[-3.636111,40.4992],[-3.6353219,40.499054],[-3.6328201,40.49832],[-3.631661,40.49813],[-3.6304789,40.498062],[-3.6293464,40.49812],[-3.6257644,40.498646],[-3.6216156,40.498657],[-3.619171,40.49885],[-3.6176853,40.49911],[-3.6156995,40.499653],[-3.6099083,40.501884],[-3.609003,40.50205],[-3.608318,40.50251],[-3.6076014,40.502705],[-3.606815,40.502804],[-3.6052072,40.503445],[-3.6046436,40.503033],[-3.603349,40.501762],[-3.6028032,40.501446],[-3.6028366,40.501335],[-3.602578,40.5013],[-3.6025822,40.498543],[-3.602406,40.494907]]],[[[-3.5587454,40.438686],[-3.5591042,40.438446],[-3.5599623,40.438183],[-3.5599449,40.438797],[-3.5598385,40.43905],[-3.559636,40.439236],[-3.5590963,40.43943],[-3.5569441,40.43993],[-3.5540493,40.441174],[-3.5528479,40.44161],[-3.551336,40.44201],[-3.5501137,40.44222],[-3.5486572,40.44235],[-3.547314,40.442356],[-3.550422,40.44198],[-3.552299,40.44154],[-3.5531552,40.441257],[-3.5587454,40.438686]]],[[[-3.674281,40.32599],[-3.6757324,40.32598],[-3.6771855,40.32637],[-3.6792035,40.32643],[-3.6798294,40.326176],[-3.6804407,40.32573],[-3.6807168,40.32533],[-3.6809173,40.32475],[-3.681055,40.32457],[-3.6822639,40.323734],[-3.683522,40.323322],[-3.6847675,40.32247],[-3.6855173,40.322212],[-3.6877282,40.321964],[-3.69103,40.32107],[-3.6919463,40.320663],[-3.6916747,40.32191],[-3.6909907,40.323925],[-3.6907098,40.324467],[-3.690043,40.32512],[-3.6891072,40.325573],[-3.6862822,40.326206],[-3.6849,40.32666],[-3.683366,40.327297],[-3.6817355,40.328194],[-3.6770537,40.33148],[-3.67597,40.33195],[-3.6752222,40.332108],[-3.6736193,40.332237],[-3.6727364,40.3324],[-3.6707366,40.33336],[-3.668773,40.333664],[-3.6664355,40.334435],[-3.6660004,40.334496],[-3.6657262,40.334408],[-3.6655862,40.334274],[-3.6655276,40.33382],[-3.6656146,40.332947],[-3.6657712,40.332394],[-3.666035,40.331852],[-3.6665583,40.331154],[-3.6702106,40.32728],[-3.6707587,40.32628],[-3.6709938,40.325138],[-3.6732755,40.325783],[-3.674281,40.32599]]],[[[-3.6683626,40.338],[-3.671685,40.336685],[-3.6731112,40.338703],[-3.673227,40.338985],[-3.6732905,40.339687],[-3.6727958,40.341686],[-3.67261,40.343723],[-3.6726985,40.345215],[-3.6729908,40.346874],[-3.672632,40.345947],[-3.6726701,40.34577],[-3.672425,40.345264],[-3.6723175,40.344475],[-3.669569,40.340645],[-3.6691267,40.33959],[-3.668823,40.339073],[-3.6682599,40.33839],[-3.6682296,40.33824],[-3.6683626,40.338]]],[[[-3.5697577,40.44987],[-3.5798113,40.45004],[-3.5827665,40.45001],[-3.5841305,40.450153],[-3.5849626,40.450382],[-3.5856984,40.450806],[-3.5862641,40.451523],[-3.5864089,40.45195],[-3.5858154,40.453365],[-3.5852952,40.4539],[-3.5842881,40.45465],[-3.5839422,40.45486],[-3.5837893,40.454865],[-3.5815787,40.453423],[-3.5815845,40.453053],[-3.5814157,40.45294],[-3.5807424,40.45287],[-3.5777886,40.45122],[-3.5764468,40.450596],[-3.575131,40.450397],[-3.5744066,40.450405],[-3.5710912,40.451176],[-3.57053,40.451107],[-3.570168,40.4514],[-3.5694087,40.451576],[-3.5686183,40.45165],[-3.566913,40.45164],[-3.5651088,40.45188],[-3.5647159,40.45186],[-3.564384,40.451706],[-3.5637856,40.449738],[-3.5697577,40.44987]]],[[[-3.5265882,40.405365],[-3.5273094,40.40411],[-3.5279272,40.40254],[-3.5283186,40.40083],[-3.5285597,40.399063],[-3.5287611,40.39844],[-3.5298972,40.396717],[-3.5305793,40.39617],[-3.5320134,40.39567],[-3.5327578,40.395954],[-3.5335393,40.396137],[-3.5342932,40.39611],[-3.5349576,40.395935],[-3.536254,40.39509],[-3.5366817,40.394913],[-3.537207,40.394817],[-3.5391476,40.39474],[-3.5410552,40.394493],[-3.543434,40.394093],[-3.546896,40.39334],[-3.5493731,40.393013],[-3.552197,40.39309],[-3.553428,40.39325],[-3.5552924,40.393658],[-3.5578299,40.394615],[-3.5622597,40.396626],[-3.566187,40.39914],[-3.5670497,40.399525],[-3.568117,40.399822],[-3.5692532,40.40029],[-3.569665,40.4006],[-3.5700076,40.400997],[-3.5701988,40.401398],[-3.5707629,40.40323],[-3.5708394,40.40378],[-3.5707326,40.404305],[-3.570405,40.4049],[-3.5686343,40.406372],[-3.567166,40.40731],[-3.5655084,40.40819],[-3.562037,40.409546],[-3.5612094,40.409664],[-3.56047,40.409966],[-3.558543,40.410248],[-3.5570564,40.410324],[-3.5539546,40.410126],[-3.5518122,40.410084],[-3.5481107,40.41035],[-3.5457768,40.410324],[-3.5457692,40.41049],[-3.5424638,40.410328],[-3.539844,40.409775],[-3.5365086,40.408775],[-3.5339723,40.407692],[-3.5338898,40.407375],[-3.5337303,40.40721],[-3.5333505,40.407143],[-3.5329666,40.407345],[-3.5328631,40.40751],[-3.5325007,40.4076],[-3.5300012,40.407974],[-3.5278032,40.40813],[-3.526235,40.408337],[-3.523191,40.408916],[-3.5241895,40.408104],[-3.525072,40.40726],[-3.5258532,40.406376],[-3.5265882,40.405365]]],[[[-3.7601457,40.3582],[-3.7605226,40.358524],[-3.7577472,40.35855],[-3.7566383,40.358727],[-3.7545989,40.35926],[-3.7543905,40.359165],[-3.7543583,40.35903],[-3.7544582,40.35798],[-3.757707,40.35726],[-3.759534,40.357586],[-3.7601457,40.3582]]],[[[-3.7031248,40.32212],[-3.7100778,40.323402],[-3.7125428,40.323494],[-3.7129078,40.32563],[-3.7134757,40.326527],[-3.7103186,40.325897],[-3.7040505,40.32534],[-3.6983805,40.325336],[-3.6948736,40.325417],[-3.6944191,40.325317],[-3.692809,40.32443],[-3.6925805,40.324207],[-3.6924953,40.32398],[-3.6923668,40.32056],[-3.6930192,40.32011],[-3.6961615,40.322216],[-3.6996255,40.322346],[-3.7031248,40.32212]]],[[[-3.660969,40.327805],[-3.6614952,40.32794],[-3.6622834,40.328434],[-3.6627197,40.32857],[-3.663273,40.328957],[-3.6638336,40.329033],[-3.6650467,40.328457],[-3.6649516,40.328396],[-3.6653342,40.328037],[-3.6667264,40.32714],[-3.6672761,40.326263],[-3.6685104,40.325516],[-3.6691842,40.325165],[-3.6696157,40.32503],[-3.6702483,40.324947],[-3.6707587,40.32507],[-3.67055,40.326103],[-3.670061,40.32707],[-3.669178,40.328083],[-3.666685,40.330654],[-3.6657772,40.331787],[-3.6653268,40.332886],[-3.665159,40.33458],[-3.6650784,40.334633],[-3.6648762,40.33467],[-3.6647432,40.334606],[-3.66456,40.334118],[-3.6643794,40.333866],[-3.6637542,40.333298],[-3.6619036,40.330944],[-3.6618562,40.330673],[-3.6620643,40.33027],[-3.6615696,40.33006],[-3.6600478,40.32847],[-3.6598747,40.327877],[-3.660969,40.327805]]],[[[-3.5619469,40.44274],[-3.5618963,40.44249],[-3.5615482,40.44221],[-3.5615091,40.441933],[-3.5616252,40.44166],[-3.561916,40.44146],[-3.5627425,40.441154],[-3.5638437,40.440292],[-3.5647604,40.440086],[-3.5675318,40.44015],[-3.5785446,40.44073],[-3.580067,40.44069],[-3.581882,40.440453],[-3.5828154,40.440422],[-3.5838113,40.440487],[-3.5863526,40.441032],[-3.5869107,40.441082],[-3.587632,40.441067],[-3.5886981,40.440796],[-3.590241,40.441566],[-3.5916333,40.442005],[-3.5919263,40.442013],[-3.5900855,40.445557],[-3.5880668,40.44878],[-3.5873232,40.44938],[-3.5867405,40.449604],[-3.5861878,40.4497],[-3.5825117,40.449608],[-3.5789797,40.449684],[-3.5747912,40.449566],[-3.5744038,40.449657],[-3.5653563,40.449455],[-3.5636678,40.449356],[-3.5617623,40.443096],[-3.5619469,40.44274]]],[[[-3.6670935,40.337353],[-3.6673152,40.337784],[-3.6672935,40.338055],[-3.6673708,40.338245],[-3.6679885,40.33857],[-3.6685412,40.339134],[-3.6688826,40.339676],[-3.6695025,40.340977],[-3.6713207,40.343613],[-3.672016,40.344482],[-3.672905,40.34686],[-3.6734567,40.34811],[-3.6751118,40.351017],[-3.676161,40.352436],[-3.6782873,40.35416],[-3.67892,40.355007],[-3.6791685,40.35558],[-3.679293,40.356144],[-3.6792827,40.35681],[-3.679038,40.357662],[-3.678627,40.358433],[-3.6782265,40.358868],[-3.6778975,40.35909],[-3.6763256,40.359776],[-3.6759171,40.360165],[-3.6756272,40.360714],[-3.6714458,40.361053],[-3.6699953,40.3613],[-3.6697845,40.36126],[-3.6695817,40.361107],[-3.669238,40.360474],[-3.6689796,40.36056],[-3.6693006,40.36115],[-3.6692622,40.36135],[-3.6690996,40.36155],[-3.667918,40.36205],[-3.6665618,40.36239],[-3.665716,40.362305],[-3.665038,40.36203],[-3.6643317,40.36123],[-3.6638632,40.36151],[-3.664433,40.362164],[-3.6644888,40.362823],[-3.6641636,40.363426],[-3.6632855,40.364143],[-3.6631608,40.36453],[-3.660439,40.366188],[-3.6599545,40.366325],[-3.6590762,40.36637],[-3.6580188,40.36693],[-3.6549203,40.366787],[-3.65476,40.36699],[-3.6548405,40.367172],[-3.6549895,40.367264],[-3.6552374,40.367252],[-3.6555974,40.36705],[-3.6559238,40.367016],[-3.6563675,40.367043],[-3.6568794,40.367195],[-3.6571023,40.367393],[-3.6572707,40.367744],[-3.6572785,40.36804],[-3.6571565,40.368298],[-3.656891,40.368526],[-3.6548748,40.36959],[-3.6538022,40.370705],[-3.6533697,40.37103],[-3.6526573,40.37119],[-3.6519694,40.37106],[-3.6514199,40.37063],[-3.6500275,40.368656],[-3.6493068,40.367825],[-3.6487322,40.367294],[-3.6474338,40.366344],[-3.6437385,40.36418],[-3.6428313,40.363407],[-3.642134,40.362568],[-3.6416385,40.36159],[-3.6397836,40.355255],[-3.639578,40.35414],[-3.6396601,40.353233],[-3.6402302,40.352764],[-3.6404207,40.352474],[-3.6406984,40.351635],[-3.6409419,40.351303],[-3.6413467,40.35097],[-3.6436455,40.349796],[-3.647742,40.34813],[-3.64968,40.347153],[-3.6514037,40.34617],[-3.6531336,40.345104],[-3.6543162,40.344273],[-3.6573315,40.34198],[-3.6591818,40.340435],[-3.66242,40.33831],[-3.663754,40.33758],[-3.6652882,40.336872],[-3.6664476,40.336483],[-3.6670935,40.337353]]],[[[-3.6729848,40.34558],[-3.6729126,40.34509],[-3.6729531,40.342354],[-3.673328,40.340717],[-3.6740706,40.33892],[-3.6749713,40.337517],[-3.675825,40.336433],[-3.6762233,40.336136],[-3.676987,40.335983],[-3.6778834,40.33557],[-3.6785192,40.335],[-3.6795125,40.333557],[-3.6801357,40.332996],[-3.682064,40.33208],[-3.6846387,40.331036],[-3.6857514,40.33047],[-3.6869786,40.32971],[-3.6883917,40.328537],[-3.6891143,40.327835],[-3.6904469,40.326218],[-3.693853,40.32611],[-3.7043107,40.32602],[-3.7074063,40.32624],[-3.7096863,40.326668],[-3.7119708,40.326977],[-3.7140393,40.327415],[-3.7144454,40.32806],[-3.7201688,40.330807],[-3.7236657,40.333553],[-3.724564,40.334576],[-3.7239633,40.340416],[-3.7234597,40.3443],[-3.722234,40.351444],[-3.7210703,40.360504],[-3.7207792,40.362167],[-3.7203565,40.362747],[-3.719612,40.363358],[-3.7187338,40.363853],[-3.7176087,40.36425],[-3.716915,40.364365],[-3.716239,40.364372],[-3.7122185,40.36402],[-3.7071435,40.363758],[-3.703688,40.36341],[-3.7018669,40.363487],[-3.698801,40.364063],[-3.6973245,40.364216],[-3.6952686,40.36426],[-3.6942823,40.363983],[-3.6938238,40.363956],[-3.6931617,40.36417],[-3.69262,40.36417],[-3.6893592,40.363754],[-3.6805482,40.36067],[-3.6801212,40.360287],[-3.6800256,40.360035],[-3.6801004,40.35818],[-3.680063,40.357193],[-3.67998,40.35642],[-3.679648,40.35537],[-3.6792984,40.354805],[-3.6788266,40.354263],[-3.6765203,40.352505],[-3.6759706,40.351883],[-3.6754134,40.351078],[-3.6744049,40.349438],[-3.6738718,40.34841],[-3.673246,40.34674],[-3.6729848,40.34558]]]]},"properties":{"slug":"madrid","id_zona":"madrid-0","municipio":"Madrid","zona":"Madrid ZBE","provincia":"","km2":1151.9,"envolvente":true,"estado_dato":"verificado","url_ficha":"/zbe/madrid/","fuente_nombre":"Punto de Acceso Nacional de la DGT, Zonas de Bajas Emisiones (DATEX2 v3)","fuente_url":"https://nap.dgt.es/datex2/v3/dgt/zbe/ControledZonePublication/Madrid.xml","fecha_descarga":"2026-09-23"}},{"type":"Feature","geometry":{"type":"Polygon","coordinates":[[[2.226129,41.40528],[2.2266972,41.406075],[2.2260084,41.40665],[2.2280536,41.409126],[2.2294593,41.41187],[2.227555,41.413307],[2.226832,41.413513],[2.226802,41.413586],[2.2268744,41.413605],[2.2267654,41.41383],[2.2266073,41.41379],[2.2267234,41.413525],[2.226033,41.413612],[2.2256322,41.412994],[2.2250335,41.41318],[2.226087,41.41401],[2.2261393,41.413876],[2.2265463,41.414047],[2.2264457,41.414318],[2.2274873,41.415462],[2.2277117,41.415344],[2.2287369,41.41391],[2.2292404,41.413334],[2.228586,41.41306],[2.2286472,41.412975],[2.2298703,41.4135],[2.2305589,41.41261],[2.2307017,41.412674],[2.230009,41.413513],[2.2328196,41.414776],[2.2329674,41.414722],[2.2333694,41.415207],[2.2329917,41.415],[2.2319615,41.414806],[2.2316828,41.41529],[2.2315476,41.416077],[2.2317138,41.416687],[2.2321105,41.417202],[2.232241,41.41775],[2.2324846,41.418175],[2.2329743,41.41844],[2.2337127,41.417995],[2.2338433,41.41812],[2.2336295,41.41833],[2.2331512,41.41857],[2.2330587,41.4187],[2.232486,41.41905],[2.2326882,41.419334],[2.2329464,41.419197],[2.2333481,41.420147],[2.2335432,41.420246],[2.2338703,41.420155],[2.2338128,41.42038],[2.2344718,41.422054],[2.2359529,41.424072],[2.2364368,41.424515],[2.236621,41.42445],[2.2368076,41.424576],[2.2369597,41.424805],[2.2368674,41.425026],[2.2373664,41.426113],[2.2341137,41.42899],[2.2319598,41.4264],[2.225694,41.429535],[2.2246451,41.42929],[2.2225103,41.432373],[2.2206736,41.43168],[2.219533,41.433014],[2.217246,41.432377],[2.216544,41.433075],[2.2164552,41.433376],[2.2161677,41.433563],[2.2153993,41.433727],[2.2146876,41.43451],[2.214663,41.434944],[2.2137759,41.434437],[2.2127347,41.43435],[2.2120118,41.434128],[2.211192,41.43343],[2.2108467,41.43358],[2.210601,41.433475],[2.209698,41.435196],[2.209718,41.435295],[2.20925,41.43654],[2.209313,41.436745],[2.208334,41.44021],[2.208055,41.440945],[2.207447,41.442173],[2.206243,41.44387],[2.202814,41.447525],[2.199471,41.450764],[2.197476,41.452366],[2.194623,41.454346],[2.190646,41.45726],[2.189958,41.457928],[2.190042,41.457973],[2.189135,41.458893],[2.188717,41.45944],[2.18811,41.460487],[2.187719,41.4616],[2.187655,41.462067],[2.187454,41.462128],[2.187014,41.467846],[2.186256,41.46782],[2.186271,41.46769],[2.185461,41.467697],[2.184562,41.46816],[2.18398,41.46825],[2.180952,41.467693],[2.179673,41.46755],[2.178899,41.467888],[2.17885,41.467613],[2.178908,41.46672],[2.179009,41.46646],[2.179415,41.46599],[2.179577,41.46599],[2.180045,41.46624],[2.180337,41.466602],[2.180467,41.46662],[2.180223,41.466015],[2.179869,41.465656],[2.180401,41.46488],[2.18037,41.464783],[2.177329,41.46416],[2.174999,41.46348],[2.17445,41.463203],[2.173527,41.462303],[2.173031,41.462116],[2.172012,41.461517],[2.171636,41.46099],[2.171295,41.461075],[2.170879,41.46102],[2.170558,41.460945],[2.170282,41.460777],[2.168277,41.460278],[2.168187,41.460068],[2.167961,41.459873],[2.167192,41.45958],[2.166853,41.45908],[2.1649914,41.45804],[2.164605,41.45711],[2.163805,41.45589],[2.164984,41.454563],[2.1650531,41.45266],[2.165653,41.451477],[2.164244,41.449898],[2.164103,41.449825],[2.163722,41.449776],[2.162109,41.450207],[2.159634,41.450516],[2.159148,41.450516],[2.159101,41.450417],[2.15752,41.44963],[2.157301,41.449604],[2.156422,41.44993],[2.155833,41.449898],[2.154981,41.449512],[2.154168,41.449326],[2.153655,41.449085],[2.1533794,41.44878],[2.153315,41.448517],[2.152799,41.447662],[2.152341,41.447372],[2.151928,41.447266],[2.151471,41.447353],[2.14964,41.447304],[2.149286,41.447178],[2.148658,41.44679],[2.147782,41.447002],[2.1474,41.447166],[2.146965,41.447506],[2.146614,41.447563],[2.145781,41.44753],[2.145341,41.44735],[2.145037,41.447437],[2.144388,41.447388],[2.143655,41.44763],[2.14266,41.447426],[2.141971,41.447144],[2.14153,41.447086],[2.140792,41.447575],[2.137591,41.4479],[2.1372721,41.447655],[2.136689,41.447758],[2.136167,41.447384],[2.135943,41.447365],[2.134702,41.44759],[2.1345747,41.44715],[2.133659,41.445847],[2.133442,41.44566],[2.132874,41.44543],[2.132846,41.44472],[2.132349,41.44425],[2.132006,41.444073],[2.130654,41.44379],[2.130465,41.443417],[2.129945,41.442856],[2.129953,41.442474],[2.129682,41.442142],[2.129541,41.441727],[2.129889,41.44107],[2.129908,41.440872],[2.129819,41.44064],[2.129413,41.44023],[2.129325,41.439697],[2.129498,41.43861],[2.129211,41.43756],[2.128832,41.436745],[2.129002,41.436207],[2.129278,41.435795],[2.128867,41.435246],[2.128349,41.434162],[2.12828,41.43355],[2.12742,41.432827],[2.126527,41.43185],[2.126443,41.43171],[2.126624,41.431595],[2.123919,41.429337],[2.123624,41.428898],[2.12311,41.42868],[2.12244,41.42725],[2.122149,41.427],[2.121921,41.42649],[2.121154,41.4258],[2.121324,41.425655],[2.121331,41.42546],[2.120478,41.42398],[2.120539,41.42308],[2.12046,41.42276],[2.12089,41.42187],[2.121404,41.42138],[2.121571,41.421024],[2.121504,41.420864],[2.121161,41.42071],[2.131282,41.41647],[2.131333,41.416447],[2.13124,41.416332],[2.128923,41.417316],[2.128428,41.41663],[2.128097,41.41659],[2.127009,41.416744],[2.126669,41.416718],[2.126535,41.41658],[2.126293,41.416],[2.125499,41.415607],[2.125118,41.41495],[2.125313,41.41436],[2.125518,41.4141],[2.125483,41.414005],[2.124773,41.413883],[2.124186,41.41362],[2.123989,41.413605],[2.123557,41.413692],[2.12325,41.413914],[2.123186,41.414062],[2.123412,41.41489],[2.123212,41.415318],[2.123058,41.41536],[2.122609,41.41504],[2.122433,41.41508],[2.122338,41.415546],[2.122211,41.415726],[2.122207,41.416023],[2.121778,41.416286],[2.121693,41.416523],[2.121713,41.41682],[2.121525,41.416912],[2.121122,41.416462],[2.120971,41.41606],[2.120835,41.415936],[2.120246,41.41613],[2.120033,41.416054],[2.12004,41.415546],[2.120286,41.415085],[2.120214,41.414925],[2.119386,41.414955],[2.118955,41.414886],[2.11882,41.41478],[2.118911,41.41439],[2.119174,41.41397],[2.119338,41.413464],[2.119619,41.413116],[2.119569,41.412544],[2.119469,41.412445],[2.119108,41.41251],[2.118844,41.412666],[2.118772,41.412907],[2.118781,41.413406],[2.118656,41.41352],[2.118034,41.413643],[2.116978,41.413494],[2.116596,41.413685],[2.116193,41.414135],[2.115919,41.414097],[2.115199,41.413147],[2.114802,41.413105],[2.114548,41.41299],[2.114339,41.41233],[2.114042,41.412144],[2.11366,41.412243],[2.11296,41.41276],[2.112681,41.412704],[2.112339,41.41237],[2.112026,41.41236],[2.111437,41.41275],[2.111176,41.41346],[2.110953,41.413593],[2.110753,41.413498],[2.110389,41.41312],[2.110151,41.41234],[2.110002,41.412212],[2.10953,41.41234],[2.109272,41.41268],[2.10902,41.412865],[2.108315,41.412624],[2.108195,41.41239],[2.108267,41.41156],[2.108135,41.41143],[2.107164,41.411465],[2.106511,41.411777],[2.106317,41.411743],[2.10618,41.411407],[2.105872,41.41131],[2.105778,41.411175],[2.105926,41.410957],[2.10669,41.410435],[2.106966,41.41011],[2.106911,41.409935],[2.106541,41.409615],[2.105641,41.409843],[2.105472,41.40966],[2.105285,41.409634],[2.104385,41.40982],[2.10416,41.409748],[2.103849,41.409336],[2.103449,41.409172],[2.103397,41.409073],[2.103539,41.408512],[2.103187,41.407974],[2.103264,41.407673],[2.103478,41.407394],[2.104385,41.40717],[2.104266,41.40637],[2.10446,41.40612],[2.104874,41.406017],[2.10559,41.406483],[2.106338,41.40641],[2.106566,41.406788],[2.106751,41.406944],[2.107008,41.406948],[2.107562,41.406532],[2.10814,41.40672],[2.108511,41.407017],[2.10879,41.407024],[2.109087,41.4068],[2.108893,41.406017],[2.10875,41.405834],[2.107928,41.405357],[2.107622,41.404766],[2.107304,41.40458],[2.107442,41.40409],[2.107407,41.403687],[2.107287,41.40349],[2.107041,41.40332],[2.106686,41.403233],[2.10592,41.40324],[2.105764,41.402557],[2.105562,41.402367],[2.105125,41.40217],[2.105275,41.40189],[2.105254,41.401695],[2.104719,41.400978],[2.104485,41.40093],[2.104398,41.40083],[2.103329,41.401115],[2.102544,41.40112],[2.102575,41.40065],[2.10216,41.399914],[2.102158,41.399582],[2.101489,41.39901],[2.100505,41.39855],[2.100448,41.397957],[2.100088,41.397327],[2.099993,41.396976],[2.099761,41.396576],[2.0992,41.396027],[2.099002,41.39573],[2.0990248,41.39554],[2.0988936,41.395264],[2.098473,41.3949],[2.098295,41.394436],[2.097872,41.39395],[2.097919,41.39339],[2.09803,41.393253],[2.098595,41.393112],[2.09897,41.392918],[2.0999,41.39191],[2.099967,41.390263],[2.100199,41.389137],[2.1005042,41.388214],[2.100758,41.388004],[2.101325,41.387844],[2.101787,41.387512],[2.102114,41.3874],[2.101408,41.38719],[2.100993,41.38697],[2.10228,41.385986],[2.102422,41.385742],[2.1026406,41.38568],[2.102833,41.385326],[2.103031,41.38514],[2.103259,41.38507],[2.103565,41.384686],[2.10337,41.384377],[2.102613,41.38372],[2.10238,41.383614],[2.101678,41.383575],[2.101477,41.382122],[2.10147,41.381912],[2.1015909,41.381615],[2.1000652,41.37977],[2.0994217,41.379116],[2.0967495,41.377254],[2.0954964,41.375885],[2.0948129,41.374676],[2.0943258,41.372955],[2.0937371,41.37162],[2.0932338,41.370865],[2.0920813,41.369606],[2.091531,41.368874],[2.090678,41.369453],[2.0874329,41.36895],[2.0866785,41.368202],[2.0873134,41.36695],[2.086303,41.366745],[2.087736,41.363922],[2.0883775,41.364],[2.0885038,41.363934],[2.0889344,41.363228],[2.0894387,41.363274],[2.0884864,41.360077],[2.0884376,41.359066],[2.0886111,41.358044],[2.0888815,41.357124],[2.0891793,41.356453],[2.0910113,41.353504],[2.0918064,41.351997],[2.0922394,41.350487],[2.092461,41.3493],[2.0925539,41.347897],[2.0928454,41.346848],[2.0942676,41.344982],[2.0949457,41.3433],[2.0951307,41.34294],[2.0955453,41.34247],[2.0959673,41.34214],[2.0980928,41.34143],[2.0993955,41.34121],[2.1021788,41.34094],[2.1094332,41.340683],[2.110953,41.340534],[2.1160645,41.339764],[2.117067,41.339725],[2.118681,41.339794],[2.1201842,41.340015],[2.1216307,41.340393],[2.137369,41.34581],[2.140456,41.346928],[2.150854,41.35115],[2.155061,41.352192],[2.1560764,41.352516],[2.156985,41.352905],[2.158414,41.353836],[2.159226,41.35446],[2.163184,41.35804],[2.164917,41.359306],[2.166708,41.360447],[2.169013,41.36217],[2.171063,41.364864],[2.17214,41.366753],[2.173379,41.368393],[2.173843,41.37006],[2.17391,41.37005],[2.1741662,41.370583],[2.174615,41.371017],[2.174855,41.37112],[2.176393,41.373024],[2.1765766,41.37294],[2.176622,41.372635],[2.1769156,41.372498],[2.1779675,41.37379],[2.1780937,41.373726],[2.179538,41.375504],[2.182852,41.374004],[2.185021,41.376728],[2.183564,41.380463],[2.184711,41.380695],[2.186121,41.380024],[2.186192,41.37984],[2.186324,41.379772],[2.187214,41.377544],[2.186839,41.376057],[2.186607,41.37609],[2.186562,41.375896],[2.186794,41.375862],[2.186734,41.375603],[2.185212,41.375027],[2.184673,41.375076],[2.184648,41.37493],[2.185199,41.37488],[2.185152,41.374584],[2.184498,41.374687],[2.18446,41.374546],[2.185129,41.37444],[2.185081,41.374138],[2.184449,41.374275],[2.184393,41.374134],[2.185058,41.373993],[2.185011,41.3737],[2.184435,41.37387],[2.184364,41.373737],[2.184988,41.37355],[2.184937,41.37326],[2.18439,41.373466],[2.18431,41.373337],[2.184917,41.373104],[2.184872,41.37282],[2.18428,41.37309],[2.184134,41.37293],[2.184831,41.3726],[2.185678,41.37253],[2.185984,41.3745],[2.186658,41.374763],[2.187407,41.37453],[2.187062,41.373894],[2.186715,41.373547],[2.186849,41.37347],[2.186736,41.37326],[2.187473,41.373116],[2.187346,41.372326],[2.185862,41.372456],[2.185653,41.371185],[2.18713,41.37106],[2.187075,41.370693],[2.184569,41.37096],[2.184482,41.370415],[2.184892,41.370377],[2.184541,41.368504],[2.185132,41.368446],[2.185064,41.368065],[2.186279,41.367943],[2.18646,41.368954],[2.186742,41.368923],[2.186975,41.370117],[2.187211,41.37009],[2.186902,41.368435],[2.186505,41.36847],[2.186455,41.36819],[2.186877,41.368153],[2.186618,41.366924],[2.185383,41.365482],[2.185283,41.365784],[2.184743,41.365665],[2.184897,41.3652],[2.185073,41.365234],[2.185287,41.36459],[2.18556,41.364693],[2.18592,41.364166],[2.186699,41.363876],[2.186881,41.364162],[2.186197,41.364414],[2.18594,41.364784],[2.186783,41.365417],[2.187265,41.36601],[2.187548,41.366707],[2.18786,41.367188],[2.189246,41.366676],[2.18723,41.36356],[2.186624,41.36343],[2.186478,41.36305],[2.187017,41.36293],[2.185208,41.35821],[2.184719,41.35832],[2.18453,41.357826],[2.185412,41.357635],[2.186896,41.361492],[2.187134,41.361443],[2.187233,41.3617],[2.187162,41.361713],[2.18782,41.363422],[2.192037,41.369946],[2.19155,41.370125],[2.191083,41.369377],[2.189904,41.36968],[2.189489,41.370678],[2.192902,41.377316],[2.194866,41.380955],[2.196773,41.38027],[2.197339,41.381203],[2.19542,41.381893],[2.196418,41.383507],[2.199156,41.38462],[2.200063,41.385178],[2.199525,41.385864],[2.198395,41.386715],[2.198513,41.386803],[2.198395,41.386894],[2.20022,41.388264],[2.200338,41.388176],[2.200456,41.388264],[2.201877,41.387196],[2.200111,41.385864],[2.200835,41.38532],[2.20149,41.385815],[2.201285,41.385967],[2.202395,41.386803],[2.202676,41.386593],[2.201893,41.385674],[2.200707,41.384605],[2.200026,41.38415],[2.19989,41.384197],[2.199145,41.38385],[2.199568,41.38353],[2.200789,41.384216],[2.201712,41.38497],[2.202607,41.385887],[2.203685,41.387417],[2.202985,41.387943],[2.202756,41.38777],[2.201426,41.388783],[2.202113,41.390003],[2.204998,41.390903],[2.205753,41.390327],[2.206347,41.390774],[2.205298,41.391632],[2.206803,41.393772],[2.20972,41.395885],[2.21127,41.394672],[2.212021,41.395218],[2.210704,41.39625],[2.211637,41.397495],[2.214191,41.39944],[2.215301,41.39862],[2.215701,41.398914],[2.214253,41.399986],[2.215891,41.40217],[2.216829,41.40288],[2.218252,41.40193],[2.218471,41.40212],[2.21709,41.40304],[2.21785,41.404053],[2.220036,41.405273],[2.222015,41.403805],[2.221885,41.403572],[2.222095,41.4034],[2.222458,41.403694],[2.223067,41.404697],[2.223589,41.40518],[2.223276,41.405426],[2.22271,41.404922],[2.22226,41.404186],[2.221663,41.40463],[2.223636,41.406197],[2.224399,41.40591],[2.224687,41.40635],[2.226129,41.40528]]]},"properties":{"slug":"rondas-de-barcelona","id_zona":"rondas-de-barcelona-0","municipio":"Barcelona (ZBE Rondas)","zona":"","provincia":"","km2":179.43,"envolvente":false,"estado_dato":"verificado","url_ficha":"/zbe/barcelona/","fuente_nombre":"Punto de Acceso Nacional de la DGT, Zonas de Bajas Emisiones (DATEX2 v3)","fuente_url":"https://nap.dgt.es/datex2/v3/dgt/zbe/ControledZonePublication/RondasDeBarcelona.xml","fecha_descarga":"2026-09-23"}},{"type":"Feature","geometry":{"type":"Polygon","coordinates":[[[-3.5809927,37.18095],[-3.5777564,37.18085],[-3.5771568,37.181046],[-3.5766766,37.181095],[-3.5762706,37.181385],[-3.5761542,37.18181],[-3.5763724,37.18221],[-3.576695,37.182392],[-3.577468,37.182564],[-3.5779433,37.182804],[-3.578467,37.183292],[-3.5787168,37.183765],[-3.5787954,37.18421],[-3.5787544,37.184597],[-3.5784707,37.1852],[-3.5779927,37.186607],[-3.5770605,37.18827],[-3.5760648,37.18949],[-3.5748672,37.190594],[-3.5729513,37.191902],[-3.5720613,37.192818],[-3.5715141,37.19368],[-3.5709045,37.19522],[-3.570434,37.196148],[-3.5699365,37.196728],[-3.5688357,37.197628],[-3.5684059,37.19817],[-3.5682948,37.19854],[-3.568413,37.198906],[-3.5686772,37.199154],[-3.5690777,37.1993],[-3.5705762,37.199352],[-3.5734754,37.199768],[-3.5747356,37.199814],[-3.5760448,37.199753],[-3.5773392,37.199585],[-3.581645,37.19876],[-3.5862288,37.198223],[-3.5875418,37.197754],[-3.588265,37.197323],[-3.589077,37.19665],[-3.5896797,37.19643],[-3.5901241,37.19643],[-3.5912647,37.196705],[-3.5922458,37.196804],[-3.5934286,37.19674],[-3.595865,37.19637],[-3.5969987,37.196384],[-3.5979404,37.19652],[-3.5981438,37.19667],[-3.5982337,37.196865],[-3.5982027,37.197086],[-3.5980475,37.19727],[-3.5971403,37.197823],[-3.5950682,37.19888],[-3.593337,37.199978],[-3.5918157,37.20075],[-3.5914502,37.201054],[-3.5908206,37.201298],[-3.5905633,37.201935],[-3.5904455,37.202602],[-3.590454,37.20314],[-3.590593,37.203804],[-3.5909238,37.20473],[-3.5912688,37.205368],[-3.5926151,37.20695],[-3.5950992,37.208374],[-3.5966918,37.209007],[-3.5975933,37.209763],[-3.599257,37.210567],[-3.6000814,37.21081],[-3.601083,37.211544],[-3.602671,37.21232],[-3.6050057,37.212543],[-3.6096826,37.212246],[-3.6139755,37.211426],[-3.6193812,37.209522],[-3.6211677,37.20944],[-3.623269,37.208145],[-3.6255667,37.205276],[-3.628237,37.20522],[-3.6284618,37.20497],[-3.6288493,37.20489],[-3.6328707,37.201378],[-3.6342254,37.200428],[-3.6309333,37.19903],[-3.6313295,37.19795],[-3.6319487,37.196938],[-3.631432,37.19684],[-3.6310098,37.196583],[-3.6307414,37.196175],[-3.6307216,37.195713],[-3.6308796,37.19538],[-3.6315868,37.19478],[-3.631836,37.194405],[-3.632245,37.192833],[-3.6328638,37.19153],[-3.632907,37.191204],[-3.632815,37.190346],[-3.632933,37.189606],[-3.6328628,37.188717],[-3.632494,37.187717],[-3.6319475,37.18694],[-3.6309295,37.18595],[-3.6299562,37.18528],[-3.6290696,37.184895],[-3.628183,37.184734],[-3.6277518,37.184578],[-3.625484,37.18341],[-3.6249304,37.183292],[-3.624408,37.183346],[-3.623949,37.18355],[-3.6235974,37.183918],[-3.6237943,37.18352],[-3.6238132,37.183094],[-3.623626,37.18265],[-3.6232886,37.182323],[-3.62178,37.181732],[-3.618466,37.180225],[-3.6174343,37.17959],[-3.61655,37.17882],[-3.6153874,37.179516],[-3.6140935,37.17741],[-3.6138015,37.177242],[-3.613688,37.176952],[-3.6129954,37.17653],[-3.6134775,37.17608],[-3.6121678,37.174076],[-3.6114466,37.172718],[-3.6101556,37.16957],[-3.6099012,37.168446],[-3.6095707,37.168102],[-3.6089547,37.168003],[-3.60892,37.16747],[-3.6095848,37.16737],[-3.6097007,37.16704],[-3.6095767,37.165367],[-3.6097827,37.16352],[-3.609871,37.163155],[-3.6164143,37.16165],[-3.6151807,37.159927],[-3.6142535,37.158833],[-3.6120827,37.1564],[-3.6108353,37.155457],[-3.609754,37.15407],[-3.609067,37.153362],[-3.6082025,37.152733],[-3.6073472,37.152332],[-3.606409,37.152077],[-3.605426,37.151978],[-3.606397,37.150654],[-3.606655,37.149307],[-3.607118,37.14832],[-3.6040814,37.147827],[-3.6038122,37.14792],[-3.6035607,37.1479],[-3.6033041,37.14776],[-3.603173,37.147423],[-3.6028597,37.147224],[-3.6024082,37.14716],[-3.6019576,37.147232],[-3.601157,37.147465],[-3.599452,37.14824],[-3.5986378,37.149284],[-3.597283,37.150475],[-3.5920663,37.153114],[-3.5919504,37.151382],[-3.5859656,37.155293],[-3.586266,37.155975],[-3.585498,37.156483],[-3.5841136,37.158295],[-3.583158,37.15799],[-3.581316,37.15759],[-3.5734816,37.154125],[-3.5708022,37.154137],[-3.5719552,37.159355],[-3.5724912,37.15999],[-3.5732274,37.16037],[-3.5717125,37.162075],[-3.5718124,37.162537],[-3.571988,37.162697],[-3.573146,37.163128],[-3.57339,37.163303],[-3.5734801,37.163506],[-3.5735643,37.16443],[-3.5738451,37.1648],[-3.578158,37.16612],[-3.5794828,37.166607],[-3.5805728,37.167114],[-3.581162,37.167606],[-3.581877,37.16872],[-3.5825183,37.16933],[-3.5820448,37.16962],[-3.5817678,37.17037],[-3.5802855,37.171825],[-3.5791602,37.17262],[-3.5807629,37.174263],[-3.5813315,37.17494],[-3.5820615,37.176064],[-3.5831437,37.17713],[-3.5809927,37.18095]]]},"properties":{"slug":"granada","id_zona":"granada-0","municipio":"Granada","zona":"","provincia":"","km2":42.32,"envolvente":false,"estado_dato":"verificado","url_ficha":"/zbe/granada/","fuente_nombre":"Punto de Acceso Nacional de la DGT, Zonas de Bajas Emisiones (DATEX2 v3)","fuente_url":"https://nap.dgt.es/datex2/v3/dgt/zbe/ControledZonePublication/Granada.xml","fecha_descarga":"2026-09-23"}},{"type":"Feature","geometry":{"type":"Polygon","coordinates":[[[-0.3962359,39.495094],[-0.39625746,39.495007],[-0.3983903,39.49364],[-0.39974186,39.495476],[-0.40786013,39.491932],[-0.4048629,39.487865],[-0.4068309,39.48152],[-0.40682226,39.48046],[-0.40493888,39.470615],[-0.40595788,39.467728],[-0.40526563,39.463566],[-0.39939785,39.453705],[-0.3920718,39.447968],[-0.3846119,39.446274],[-0.37235233,39.445015],[-0.35225117,39.45346],[-0.3383416,39.46205],[-0.3378269,39.462482],[-0.3369081,39.46348],[-0.3361737,39.464397],[-0.33578712,39.465023],[-0.33550206,39.465828],[-0.3335651,39.476242],[-0.3510636,39.481335],[-0.35167274,39.48219],[-0.35311958,39.48809],[-0.3577307,39.494347],[-0.35834578,39.494614],[-0.37296394,39.498848],[-0.3749752,39.49922],[-0.37645406,39.499256],[-0.378104,39.49909],[-0.38452536,39.49777],[-0.38487723,39.497444],[-0.38534048,39.497215],[-0.38587147,39.497105],[-0.3864202,39.497124],[-0.38659808,39.49716],[-0.3867825,39.49777],[-0.38902095,39.499844],[-0.39148474,39.49836],[-0.39381725,39.500767],[-0.39534482,39.498775],[-0.3958635,39.498478],[-0.3942059,39.496918],[-0.39665163,39.495403],[-0.3962359,39.495094]]]},"properties":{"slug":"valencia","id_zona":"valencia-0","municipio":"Valencia","zona":"","provincia":"","km2":39.39,"envolvente":false,"estado_dato":"verificado","url_ficha":"/zbe/valencia/","fuente_nombre":"Punto de Acceso Nacional de la DGT, Zonas de Bajas Emisiones (DATEX2 v3)","fuente_url":"https://nap.dgt.es/datex2/v3/dgt/zbe/ControledZonePublication/Valencia.xml","fecha_descarga":"2026-09-23"}},{"type":"Feature","geometry":{"type":"MultiPolygon","coordinates":[[[[-8.644635,42.435192],[-8.6420965,42.43439],[-8.637388,42.433434],[-8.636585,42.433918],[-8.635964,42.433964],[-8.633272,42.435623],[-8.632832,42.436108],[-8.63257,42.43605],[-8.631473,42.434917],[-8.631028,42.43425],[-8.630775,42.434185],[-8.631018,42.433426],[-8.630296,42.433403],[-8.629059,42.433506],[-8.628237,42.4334],[-8.627403,42.433468],[-8.626132,42.432964],[-8.62526,42.432915],[-8.6249275,42.43254],[-8.623871,42.43224],[-8.625766,42.43013],[-8.626747,42.42889],[-8.626827,42.428436],[-8.626649,42.427868],[-8.626369,42.42748],[-8.62561,42.426853],[-8.627064,42.424965],[-8.628918,42.423164],[-8.630258,42.423965],[-8.631031,42.42377],[-8.631061,42.423084],[-8.63169,42.42295],[-8.632621,42.42319],[-8.632598,42.423748],[-8.632882,42.42379],[-8.633458,42.424145],[-8.633315,42.424267],[-8.634201,42.424835],[-8.634464,42.42516],[-8.634603,42.425686],[-8.635032,42.425747],[-8.635235,42.424274],[-8.635337,42.42424],[-8.635701,42.42198],[-8.6361685,42.42196],[-8.636431,42.420017],[-8.638096,42.420147],[-8.637915,42.418507],[-8.638558,42.418453],[-8.638406,42.417896],[-8.638591,42.4176],[-8.6397295,42.417595],[-8.639697,42.41951],[-8.6399555,42.420498],[-8.6413,42.420864],[-8.641231,42.42025],[-8.641562,42.41914],[-8.641991,42.41884],[-8.64251,42.41885],[-8.642795,42.418556],[-8.643558,42.41849],[-8.644343,42.418262],[-8.645155,42.418247],[-8.646311,42.418385],[-8.646613,42.41784],[-8.649208,42.419445],[-8.649036,42.420467],[-8.649367,42.42112],[-8.648552,42.42156],[-8.649234,42.4222],[-8.64834,42.42288],[-8.648803,42.423347],[-8.64922,42.4236],[-8.648783,42.424515],[-8.649328,42.424553],[-8.649802,42.42476],[-8.650125,42.4245],[-8.651689,42.424305],[-8.651965,42.423878],[-8.652567,42.423916],[-8.653443,42.423832],[-8.65367,42.42393],[-8.65462,42.423115],[-8.654745,42.422897],[-8.654721,42.422237],[-8.655394,42.42233],[-8.65645,42.423244],[-8.655218,42.424217],[-8.653726,42.425743],[-8.653144,42.42644],[-8.651954,42.428143],[-8.652103,42.428642],[-8.652598,42.428814],[-8.653776,42.42896],[-8.654086,42.4292],[-8.654254,42.429733],[-8.6530075,42.43252],[-8.652653,42.43288],[-8.6482725,42.43607],[-8.647904,42.436104],[-8.6463175,42.435856],[-8.644635,42.435192]]],[[[-8.648665,42.436993],[-8.648576,42.437283],[-8.647932,42.43727],[-8.647864,42.438755],[-8.647758,42.43892],[-8.648147,42.439743],[-8.647947,42.441147],[-8.647388,42.443516],[-8.647417,42.444004],[-8.64705,42.444508],[-8.646891,42.44487],[-8.644926,42.444557],[-8.644997,42.444927],[-8.644525,42.445435],[-8.644508,42.445683],[-8.645028,42.446262],[-8.644803,42.448505],[-8.643934,42.449142],[-8.642106,42.44937],[-8.641559,42.448833],[-8.641995,42.447895],[-8.6417675,42.446533],[-8.64156,42.445923],[-8.641082,42.445786],[-8.6411295,42.44556],[-8.64035,42.445362],[-8.6404705,42.445194],[-8.638525,42.44452],[-8.63838,42.44497],[-8.638173,42.445293],[-8.638854,42.445877],[-8.638463,42.44635],[-8.638066,42.44652],[-8.637942,42.447384],[-8.63812,42.448643],[-8.638084,42.44919],[-8.637743,42.449383],[-8.63802,42.44959],[-8.637763,42.449684],[-8.63794,42.450096],[-8.63842,42.450516],[-8.63728,42.451225],[-8.637284,42.451324],[-8.636841,42.451393],[-8.634777,42.450928],[-8.634999,42.44976],[-8.634903,42.448997],[-8.634665,42.448967],[-8.634454,42.448616],[-8.6342945,42.448578],[-8.634258,42.448387],[-8.634807,42.44817],[-8.634765,42.447952],[-8.636012,42.446663],[-8.63582,42.44645],[-8.635077,42.443874],[-8.633941,42.443104],[-8.633224,42.43751],[-8.636482,42.435143],[-8.638985,42.434742],[-8.641249,42.435123],[-8.6427555,42.435608],[-8.644758,42.436657],[-8.647025,42.437103],[-8.648665,42.436993]]],[[[-8.625596,42.44182],[-8.62651,42.441853],[-8.626696,42.44215],[-8.627671,42.44312],[-8.627292,42.44356],[-8.626983,42.44446],[-8.626983,42.44492],[-8.62737,42.446026],[-8.626978,42.446144],[-8.6263685,42.446636],[-8.626197,42.446938],[-8.62548,42.447514],[-8.624458,42.448116],[-8.624277,42.448036],[-8.622678,42.44897],[-8.621693,42.449417],[-8.621471,42.44998],[-8.621146,42.45035],[-8.620875,42.450245],[-8.62061,42.449818],[-8.619978,42.450302],[-8.619315,42.45038],[-8.619248,42.450127],[-8.61839,42.449913],[-8.61807,42.44973],[-8.618704,42.448914],[-8.618604,42.44833],[-8.61934,42.448284],[-8.620585,42.446907],[-8.621187,42.446407],[-8.622264,42.445732],[-8.621326,42.444923],[-8.621057,42.444534],[-8.621774,42.44327],[-8.621464,42.442593],[-8.621491,42.44241],[-8.622544,42.442543],[-8.62338,42.442467],[-8.624265,42.442562],[-8.624878,42.442528],[-8.625596,42.44182]]],[[[-8.6907,42.397747],[-8.690855,42.397964],[-8.691224,42.398167],[-8.690719,42.39885],[-8.690172,42.399357],[-8.689453,42.399826],[-8.687539,42.40077],[-8.687442,42.400658],[-8.687603,42.400402],[-8.687512,42.40037],[-8.687679,42.40009],[-8.687585,42.400005],[-8.689387,42.39863],[-8.689774,42.39824],[-8.690032,42.397648],[-8.6907,42.397747]]]]},"properties":{"slug":"pontevedra","id_zona":"pontevedra-0","municipio":"Pontevedra","zona":"","provincia":"","km2":35.75,"envolvente":false,"estado_dato":"pendiente","url_ficha":null,"fuente_nombre":"Punto de Acceso Nacional de la DGT, Zonas de Bajas Emisiones (DATEX2 v3)","fuente_url":"https://nap.dgt.es/datex2/v3/dgt/zbe/ControledZonePublication/Pontevedra.xml","fecha_descarga":"2026-09-23"}},{"type":"Feature","geometry":{"type":"MultiPolygon","coordinates":[[[[2.1227612,41.496273],[2.1242375,41.495388],[2.1233897,41.49536],[2.123181,41.49549],[2.122923,41.49542],[2.1228144,41.49525],[2.122808,41.494976],[2.1232588,41.49452],[2.1233814,41.49423],[2.1238568,41.493813],[2.1242268,41.493786],[2.126216,41.492657],[2.1262076,41.49205],[2.1267612,41.49089],[2.1266677,41.490814],[2.1269317,41.4903],[2.1266835,41.49002],[2.1269774,41.48957],[2.126242,41.489395],[2.1272955,41.487484],[2.12265,41.486576],[2.122395,41.486446],[2.1223078,41.48626],[2.1223814,41.48606],[2.1227689,41.485832],[2.1241887,41.48551],[2.1263928,41.485336],[2.1275191,41.485447],[2.127762,41.485672],[2.1279972,41.48575],[2.128366,41.485657],[2.1285677,41.485516],[2.1320934,41.485676],[2.1324122,41.485783],[2.1330438,41.48572],[2.1367164,41.486233],[2.1369507,41.486042],[2.1368608,41.48585],[2.1369414,41.485718],[2.1404347,41.48367],[2.1420767,41.48317],[2.14291,41.483067],[2.1431928,41.48325],[2.1434047,41.483265],[2.1436265,41.48317],[2.1437383,41.483006],[2.1457098,41.48271],[2.1461926,41.482754],[2.1490064,41.48363],[2.1534188,41.483215],[2.153862,41.483486],[2.1544366,41.484425],[2.1553202,41.48546],[2.155446,41.485813],[2.1560485,41.486084],[2.156556,41.4865],[2.1543663,41.487736],[2.1537669,41.488163],[2.1526573,41.489212],[2.151343,41.49082],[2.1426606,41.497147],[2.1397755,41.50043],[2.1396143,41.500484],[2.1385553,41.500057],[2.138079,41.50009],[2.1372182,41.501007],[2.1369197,41.50121],[2.1365826,41.501244],[2.1362872,41.50106],[2.1347902,41.499058],[2.1348338,41.498928],[2.134677,41.498863],[2.132097,41.50079],[2.1316392,41.50103],[2.124849,41.50031],[2.1240313,41.500397],[2.1223214,41.501324],[2.1219246,41.501347],[2.1198337,41.49997],[2.1197882,41.49971],[2.1211364,41.496773],[2.1227612,41.496273]]],[[[2.093368,41.50962],[2.0934677,41.508575],[2.098808,41.508926],[2.0999448,41.50879],[2.1004734,41.508636],[2.1021955,41.507874],[2.102557,41.50825],[2.0999792,41.51009],[2.099413,41.51014],[2.0971308,41.509995],[2.093368,41.50962]]],[[[2.0911682,41.50949],[2.0898335,41.509552],[2.0886965,41.51149],[2.0811658,41.509678],[2.0807624,41.508938],[2.0799868,41.507896],[2.0797455,41.507694],[2.0781274,41.506855],[2.07766,41.506718],[2.0775516,41.506058],[2.077247,41.50519],[2.077789,41.50329],[2.0782006,41.50222],[2.0779777,41.501175],[2.0781183,41.499626],[2.0785408,41.497784],[2.0791945,41.496387],[2.0795293,41.49514],[2.0796,41.492935],[2.0813076,41.492653],[2.0816667,41.49201],[2.083526,41.493088],[2.0844831,41.49381],[2.0860777,41.495502],[2.0874412,41.49521],[2.087981,41.494873],[2.0891054,41.49479],[2.0901291,41.495457],[2.0909042,41.49506],[2.0919874,41.494946],[2.0926254,41.494587],[2.0922775,41.49412],[2.0920959,41.49254],[2.0927284,41.49161],[2.095779,41.492504],[2.0970626,41.493103],[2.0955236,41.494125],[2.0935283,41.495094],[2.09397,41.496746],[2.0879724,41.49779],[2.0901418,41.50031],[2.0920339,41.502678],[2.0924778,41.50352],[2.0929675,41.505104],[2.092932,41.5085],[2.0926876,41.50847],[2.0914896,41.508865],[2.0912852,41.509],[2.0911682,41.50949]]],[[[2.131253,41.48261],[2.12929,41.482418],[2.1290445,41.481842],[2.1288292,41.48095],[2.1286442,41.480743],[2.1285243,41.480366],[2.1285388,41.480095],[2.1288817,41.479813],[2.1291723,41.47919],[2.1290038,41.478638],[2.1289287,41.477863],[2.1292837,41.477448],[2.1292992,41.477085],[2.1294765,41.47684],[2.1293778,41.477146],[2.129691,41.47766],[2.1297867,41.478073],[2.1315548,41.479263],[2.131837,41.479576],[2.131853,41.47982],[2.1315527,41.48018],[2.1314886,41.48043],[2.1322389,41.481686],[2.1326602,41.482174],[2.132377,41.48514],[2.1322613,41.485497],[2.1307435,41.48545],[2.1310139,41.48351],[2.1313066,41.48312],[2.1314583,41.482742],[2.1314633,41.48265],[2.131253,41.48261]]],[[[2.136041,41.485798],[2.1355784,41.485916],[2.1348784,41.48589],[2.1336486,41.48561],[2.1326408,41.48553],[2.1325386,41.485466],[2.1325293,41.484943],[2.1328273,41.48223],[2.132771,41.482037],[2.1321614,41.48138],[2.1316175,41.48035],[2.1319854,41.479828],[2.1320088,41.479607],[2.1316676,41.47919],[2.12993,41.478035],[2.129849,41.47766],[2.1294813,41.477077],[2.129751,41.476707],[2.131459,41.476254],[2.1316974,41.47613],[2.1319041,41.476166],[2.131946,41.475937],[2.1320505,41.475864],[2.132307,41.47591],[2.1324983,41.476067],[2.1327128,41.47655],[2.1329846,41.476795],[2.1337574,41.4771],[2.1347098,41.47714],[2.1361623,41.476612],[2.136339,41.476673],[2.1363413,41.476856],[2.1357443,41.477066],[2.1365943,41.47919],[2.1357546,41.481182],[2.133795,41.480957],[2.1338017,41.481216],[2.1340218,41.48151],[2.1344259,41.48163],[2.1343708,41.48176],[2.1345048,41.48182],[2.1354651,41.481865],[2.1357412,41.481773],[2.1364577,41.48189],[2.1366818,41.482094],[2.136414,41.482407],[2.1379175,41.48254],[2.1388683,41.482143],[2.1407864,41.481533],[2.1427727,41.481052],[2.1437488,41.481228],[2.146083,41.481422],[2.1469455,41.48168],[2.147658,41.48205],[2.148531,41.48232],[2.1514387,41.482193],[2.152261,41.482067],[2.1532803,41.482113],[2.1539035,41.482292],[2.1544147,41.4826],[2.1551168,41.48356],[2.1552541,41.483547],[2.1564498,41.484848],[2.1570783,41.48521],[2.156222,41.485863],[2.1559741,41.48568],[2.1552203,41.48484],[2.1544952,41.483383],[2.1544154,41.48294],[2.1540873,41.48271],[2.1536477,41.482765],[2.1533947,41.482998],[2.1489193,41.483414],[2.1464927,41.482628],[2.145767,41.482517],[2.1437788,41.482788],[2.1434407,41.48264],[2.1431103,41.482693],[2.1429188,41.48291],[2.1420126,41.48302],[2.1409883,41.48328],[2.1395688,41.4839],[2.1366615,41.485703],[2.1362555,41.485878],[2.1361384,41.485744],[2.136041,41.485798]]]]},"properties":{"slug":"cerdanyola-del-valles","id_zona":"cerdanyola-del-valles-0","municipio":"Cerdanyola del Vallès","zona":"","provincia":"","km2":26.25,"envolvente":false,"estado_dato":"pendiente","url_ficha":null,"fuente_nombre":"Punto de Acceso Nacional de la DGT, Zonas de Bajas Emisiones (DATEX2 v3)","fuente_url":"https://nap.dgt.es/datex2/v3/dgt/zbe/ControledZonePublication/CerdanyolaDelValles.xml","fecha_descarga":"2026-09-23"}},{"type":"Feature","geometry":{"type":"MultiPolygon","coordinates":[[[[-3.8626604,40.500935],[-3.8653836,40.502445],[-3.8715549,40.50463],[-3.8740728,40.50706],[-3.8755772,40.51087],[-3.8768373,40.512646],[-3.8783536,40.515877],[-3.8796353,40.517845],[-3.8829713,40.525593],[-3.8831306,40.52571],[-3.8840835,40.52552],[-3.8853116,40.527164],[-3.8864071,40.527084],[-3.8860257,40.523483],[-3.8861048,40.521637],[-3.8851027,40.518654],[-3.8802986,40.512028],[-3.8732188,40.50176],[-3.8720212,40.49895],[-3.8710961,40.497917],[-3.8710127,40.49791],[-3.8688855,40.49546],[-3.867667,40.492214],[-3.866933,40.491272],[-3.8659093,40.49025],[-3.8652391,40.489132],[-3.8652089,40.488815],[-3.8642473,40.487484],[-3.863324,40.48582],[-3.862823,40.48523],[-3.8620636,40.484787],[-3.858493,40.48335],[-3.8518598,40.480976],[-3.8526926,40.48217],[-3.853795,40.48303],[-3.8583584,40.48586],[-3.8619874,40.487976],[-3.862126,40.488293],[-3.862278,40.489685],[-3.8620434,40.489944],[-3.8621082,40.490826],[-3.8608017,40.49147],[-3.860247,40.49215],[-3.858963,40.49249],[-3.8578446,40.493153],[-3.859303,40.494423],[-3.8560483,40.49728],[-3.8567913,40.497875],[-3.859448,40.498898],[-3.8626604,40.500935]]],[[[-3.8941827,40.514057],[-3.8944337,40.513622],[-3.8939192,40.51355],[-3.8924522,40.515434],[-3.8906546,40.5166],[-3.888049,40.51733],[-3.886886,40.51554],[-3.8845546,40.51639],[-3.8859668,40.518852],[-3.8865829,40.52054],[-3.8868222,40.521534],[-3.8941827,40.514057]]]]},"properties":{"slug":"las-rozas","id_zona":"las-rozas-4","municipio":"Las Rozas","zona":"Valle del Roncal y Urb. Coruña XXI","provincia":"","km2":18.42,"envolvente":false,"estado_dato":"pendiente","url_ficha":null,"fuente_nombre":"Punto de Acceso Nacional de la DGT, Zonas de Bajas Emisiones (DATEX2 v3)","fuente_url":"https://nap.dgt.es/datex2/v3/dgt/zbe/ControledZonePublication/LasRozas.xml","fecha_descarga":"2026-09-23"}},{"type":"Feature","geometry":{"type":"MultiPolygon","coordinates":[[[[-3.8652043,40.48801],[-3.865872,40.488277],[-3.8663049,40.488266],[-3.8671103,40.48807],[-3.8681164,40.4877],[-3.8691416,40.48764],[-3.870102,40.48771],[-3.884383,40.49429],[-3.8849032,40.493626],[-3.8853145,40.4935],[-3.8853302,40.49332],[-3.8913784,40.491753],[-3.8940184,40.490875],[-3.8944228,40.48946],[-3.894279,40.48877],[-3.8926146,40.487568],[-3.8909833,40.48744],[-3.883763,40.485348],[-3.882,40.48493],[-3.8814619,40.48545],[-3.8809757,40.485416],[-3.8804271,40.484962],[-3.8800313,40.48481],[-3.8794653,40.48436],[-3.8787541,40.484184],[-3.8780527,40.48431],[-3.877751,40.484238],[-3.8776302,40.48403],[-3.8776188,40.483753],[-3.8777301,40.48351],[-3.8776813,40.48345],[-3.8772092,40.483616],[-3.8764067,40.483482],[-3.8759267,40.483532],[-3.8759441,40.483597],[-3.8755445,40.48369],[-3.8731341,40.483517],[-3.8717906,40.482838],[-3.8701346,40.4824],[-3.8701863,40.4822],[-3.8693037,40.481995],[-3.869167,40.482384],[-3.866968,40.481857],[-3.8644218,40.481007],[-3.863376,40.480812],[-3.863333,40.480892],[-3.8620102,40.480446],[-3.861349,40.480408],[-3.8594532,40.480053],[-3.857843,40.47937],[-3.8573275,40.479866],[-3.8556635,40.47892],[-3.8553302,40.47921],[-3.854885,40.478954],[-3.8536074,40.478718],[-3.8531764,40.478764],[-3.8528132,40.478657],[-3.8523183,40.4792],[-3.8502622,40.478073],[-3.8505259,40.478626],[-3.846868,40.47772],[-3.8426747,40.477066],[-3.838905,40.47562],[-3.8367262,40.475124],[-3.8450298,40.47815],[-3.8465579,40.478455],[-3.8548822,40.48158],[-3.860414,40.483547],[-3.863384,40.48503],[-3.8652043,40.48801]]],[[[-3.881647,40.495594],[-3.8852727,40.495014],[-3.8850152,40.4948],[-3.873741,40.489597],[-3.8705897,40.48823],[-3.8676786,40.488277],[-3.866423,40.488853],[-3.8659844,40.489353],[-3.868077,40.491695],[-3.8687203,40.493523],[-3.8689952,40.494953],[-3.8702838,40.49661],[-3.8740115,40.49895],[-3.8746223,40.500896],[-3.8748562,40.502224],[-3.875839,40.503784],[-3.878973,40.50256],[-3.8786411,40.502003],[-3.8785765,40.501198],[-3.8793428,40.49845],[-3.8806298,40.49783],[-3.8813233,40.4978],[-3.881647,40.495594]]]]},"properties":{"slug":"las-rozas","id_zona":"las-rozas-1","municipio":"Las Rozas","zona":"Casco Urbano","provincia":"","km2":15.5,"envolvente":false,"estado_dato":"pendiente","url_ficha":null,"fuente_nombre":"Punto de Acceso Nacional de la DGT, Zonas de Bajas Emisiones (DATEX2 v3)","fuente_url":"https://nap.dgt.es/datex2/v3/dgt/zbe/ControledZonePublication/LasRozas.xml","fecha_descarga":"2026-09-23"}},{"type":"Feature","geometry":{"type":"Polygon","coordinates":[[[-3.904354,40.54965],[-3.9043844,40.54955],[-3.9064412,40.549686],[-3.907109,40.550285],[-3.9143293,40.54981],[-3.9272275,40.54911],[-3.9273553,40.548805],[-3.9272861,40.548584],[-3.9263937,40.548126],[-3.9269426,40.54758],[-3.9281366,40.548046],[-3.9311492,40.549828],[-3.9338977,40.549362],[-3.9346051,40.549896],[-3.9353201,40.549564],[-3.9366026,40.54842],[-3.9368744,40.54834],[-3.9373474,40.548534],[-3.937211,40.54269],[-3.9409947,40.54068],[-3.9429426,40.54145],[-3.9464338,40.545532],[-3.9479392,40.54325],[-3.9486876,40.54139],[-3.9496372,40.540333],[-3.9497812,40.539738],[-3.949565,40.539207],[-3.9493215,40.53896],[-3.9490123,40.53871],[-3.9476852,40.53797],[-3.947534,40.537636],[-3.9475522,40.53683],[-3.9471014,40.536003],[-3.946821,40.535797],[-3.9459286,40.535477],[-3.9448235,40.53482],[-3.9440699,40.534275],[-3.94309,40.53329],[-3.942178,40.532825],[-3.9413857,40.532307],[-3.9403667,40.53147],[-3.9401104,40.53114],[-3.9399598,40.53074],[-3.9396002,40.53027],[-3.939724,40.528572],[-3.9399052,40.52793],[-3.9398422,40.527657],[-3.9395823,40.527046],[-3.939121,40.526302],[-3.938679,40.52637],[-3.9383633,40.52653],[-3.938255,40.526703],[-3.9382358,40.5273],[-3.9381275,40.527462],[-3.937867,40.527603],[-3.9373806,40.527416],[-3.937076,40.527386],[-3.9369118,40.527504],[-3.9367425,40.528255],[-3.9365227,40.528442],[-3.9357705,40.52756],[-3.9357386,40.527412],[-3.9354982,40.52734],[-3.935224,40.527325],[-3.9349985,40.527477],[-3.933789,40.527786],[-3.9327538,40.528175],[-3.9320512,40.52909],[-3.9318218,40.529736],[-3.9318545,40.530533],[-3.9312391,40.531494],[-3.9301822,40.531868],[-3.9290965,40.531727],[-3.928664,40.531815],[-3.9283633,40.532013],[-3.927855,40.53288],[-3.9266124,40.534348],[-3.9250803,40.53525],[-3.9238741,40.53621],[-3.9228222,40.536716],[-3.9222574,40.536884],[-3.9213912,40.536953],[-3.9213345,40.53677],[-3.9205463,40.536587],[-3.9180822,40.53673],[-3.9159174,40.536957],[-3.9163053,40.537575],[-3.9144535,40.540897],[-3.9101405,40.542606],[-3.9079673,40.54319],[-3.9028695,40.54476],[-3.9024425,40.54469],[-3.901916,40.544296],[-3.9015753,40.544426],[-3.9021056,40.545364],[-3.9000938,40.545803],[-3.8990057,40.546482],[-3.8977122,40.547695],[-3.8970745,40.54897],[-3.8976796,40.55054],[-3.8976645,40.550743],[-3.8977745,40.55098],[-3.901582,40.550045],[-3.9043038,40.54981],[-3.904354,40.54965]]]},"properties":{"slug":"las-rozas","id_zona":"las-rozas-3","municipio":"Las Rozas","zona":"El Golf","provincia":"","km2":12.18,"envolvente":false,"estado_dato":"pendiente","url_ficha":null,"fuente_nombre":"Punto de Acceso Nacional de la DGT, Zonas de Bajas Emisiones (DATEX2 v3)","fuente_url":"https://nap.dgt.es/datex2/v3/dgt/zbe/ControledZonePublication/LasRozas.xml","fecha_descarga":"2026-09-23"}},{"type":"Feature","geometry":{"type":"MultiPolygon","coordinates":[[[[-3.901916,40.544296],[-3.9024425,40.54469],[-3.9028683,40.54476],[-3.9060023,40.54381],[-3.9043603,40.539307],[-3.903963,40.539482],[-3.9037993,40.539326],[-3.9039905,40.538406],[-3.902141,40.537483],[-3.9016557,40.53696],[-3.901989,40.53691],[-3.9020276,40.53667],[-3.9022374,40.536747],[-3.9022403,40.536957],[-3.9028654,40.536873],[-3.9032373,40.5366],[-3.9035943,40.536755],[-3.9039078,40.536785],[-3.90454,40.536694],[-3.9046783,40.536644],[-3.9051423,40.536167],[-3.9050612,40.535713],[-3.9058285,40.535534],[-3.9059138,40.535534],[-3.9060893,40.53586],[-3.9066677,40.535954],[-3.9066663,40.535847],[-3.9078212,40.535885],[-3.9078405,40.535572],[-3.9076664,40.53536],[-3.9074502,40.535168],[-3.9069443,40.535065],[-3.906969,40.535007],[-3.9067814,40.535027],[-3.90684,40.534943],[-3.9071825,40.534973],[-3.907575,40.534897],[-3.9082801,40.535213],[-3.9085596,40.535007],[-3.909258,40.534813],[-3.9098823,40.534187],[-3.9093845,40.53341],[-3.90917,40.53336],[-3.9084973,40.53294],[-3.9078362,40.532097],[-3.907921,40.53205],[-3.9086413,40.53283],[-3.9109106,40.533722],[-3.911906,40.532738],[-3.9119468,40.53195],[-3.9115605,40.531853],[-3.9115102,40.53191],[-3.9109778,40.531746],[-3.9110115,40.5317],[-3.9103937,40.53091],[-3.9104872,40.53087],[-3.9109488,40.53149],[-3.91257,40.53189],[-3.9127173,40.531414],[-3.9124162,40.531273],[-3.9116828,40.530304],[-3.9125214,40.529953],[-3.9134784,40.529427],[-3.9157946,40.5276],[-3.9152482,40.527378],[-3.91453,40.5281],[-3.914321,40.527924],[-3.913335,40.527626],[-3.9129727,40.528046],[-3.9107888,40.52909],[-3.9103742,40.528522],[-3.9102137,40.528507],[-3.909565,40.52874],[-3.9094973,40.529274],[-3.9095628,40.52937],[-3.9093506,40.529484],[-3.9094489,40.52964],[-3.9093637,40.529675],[-3.9092104,40.530178],[-3.90933,40.530327],[-3.9089048,40.53051],[-3.9085345,40.52998],[-3.9086938,40.529915],[-3.908041,40.52905],[-3.905918,40.530117],[-3.905915,40.530693],[-3.905492,40.531033],[-3.9051726,40.531116],[-3.9052365,40.53189],[-3.9055746,40.532394],[-3.9040627,40.53283],[-3.9040096,40.532837],[-3.9040184,40.532707],[-3.9037843,40.532776],[-3.9038925,40.532887],[-3.9024754,40.5332],[-3.9024312,40.533096],[-3.903928,40.53234],[-3.9036443,40.531902],[-3.9029624,40.531483],[-3.9034548,40.531193],[-3.9032364,40.53098],[-3.9027457,40.53121],[-3.9027147,40.531128],[-3.9024038,40.531055],[-3.901196,40.53104],[-3.8993757,40.53157],[-3.8989275,40.53162],[-3.8966472,40.53133],[-3.8960774,40.531345],[-3.8946157,40.531956],[-3.892227,40.532734],[-3.8913155,40.533134],[-3.892022,40.531265],[-3.8879092,40.530777],[-3.8892992,40.535072],[-3.8909545,40.538044],[-3.8925626,40.540405],[-3.89515,40.545757],[-3.8956742,40.545963],[-3.8966587,40.54849],[-3.897123,40.54863],[-3.8977194,40.547565],[-3.8989697,40.54643],[-3.900023,40.545807],[-3.9020612,40.545357],[-3.9015582,40.544422],[-3.901916,40.544296]]],[[[-3.9094913,40.51094],[-3.9111583,40.508377],[-3.910355,40.507294],[-3.9085758,40.507687],[-3.9079351,40.50636],[-3.909162,40.505005],[-3.9074066,40.504086],[-3.907425,40.50391],[-3.9071527,40.503723],[-3.9067798,40.503773],[-3.9065287,40.503616],[-3.905057,40.50529],[-3.9015262,40.50817],[-3.9017112,40.50958],[-3.9016175,40.510338],[-3.902128,40.511253],[-3.905928,40.51295],[-3.9094913,40.51094]]],[[[-3.9037433,40.51775],[-3.9006956,40.516132],[-3.9006133,40.515934],[-3.9003968,40.515743],[-3.8999171,40.515724],[-3.896693,40.51402],[-3.8963675,40.513634],[-3.8960156,40.51354],[-3.8955493,40.51382],[-3.894996,40.514286],[-3.8886914,40.520462],[-3.8877409,40.521843],[-3.887171,40.523354],[-3.8871663,40.525036],[-3.887537,40.529194],[-3.8878744,40.530758],[-3.8917027,40.531185],[-3.8912723,40.52686],[-3.8918774,40.5267],[-3.8948824,40.52732],[-3.895583,40.527157],[-3.89685,40.52655],[-3.8967695,40.52637],[-3.8962708,40.52604],[-3.8949077,40.525295],[-3.8949313,40.525116],[-3.895162,40.524857],[-3.8952394,40.524902],[-3.8965976,40.52351],[-3.8965552,40.523464],[-3.8968642,40.523224],[-3.897544,40.523457],[-3.898429,40.523468],[-3.8986428,40.523903],[-3.898826,40.523983],[-3.899294,40.52394],[-3.8995292,40.524036],[-3.8996649,40.524452],[-3.9006858,40.524902],[-3.9015446,40.524895],[-3.9028432,40.524727],[-3.9038904,40.525196],[-3.9038613,40.524956],[-3.903566,40.524284],[-3.902745,40.523212],[-3.9028466,40.523037],[-3.9025736,40.52285],[-3.9026687,40.522522],[-3.902965,40.52157],[-3.903418,40.52087],[-3.9042902,40.519997],[-3.9052052,40.51944],[-3.905744,40.519337],[-3.9057777,40.51905],[-3.905697,40.51895],[-3.9051373,40.518826],[-3.9037433,40.51775]]]]},"properties":{"slug":"las-rozas","id_zona":"las-rozas-5","municipio":"Las Rozas","zona":"Parque Empresarial","provincia":"","km2":12.07,"envolvente":false,"estado_dato":"pendiente","url_ficha":null,"fuente_nombre":"Punto de Acceso Nacional de la DGT, Zonas de Bajas Emisiones (DATEX2 v3)","fuente_url":"https://nap.dgt.es/datex2/v3/dgt/zbe/ControledZonePublication/LasRozas.xml","fecha_descarga":"2026-09-23"}},{"type":"Feature","geometry":{"type":"MultiPolygon","coordinates":[[[[-3.8842936,40.5384],[-3.8907354,40.546856],[-3.8896182,40.547577],[-3.8879912,40.54913],[-3.8861687,40.550716],[-3.8867478,40.553577],[-3.8847046,40.55439],[-3.8844526,40.55501],[-3.8848782,40.560932],[-3.8849866,40.56106],[-3.8848658,40.561134],[-3.8847504,40.561874],[-3.8839128,40.56294],[-3.8837473,40.563435],[-3.8837142,40.56388],[-3.8861544,40.56584],[-3.887094,40.566452],[-3.8879228,40.568233],[-3.890901,40.571518],[-3.8916018,40.571285],[-3.892803,40.570477],[-3.8931177,40.570404],[-3.8942425,40.56978],[-3.8957353,40.567616],[-3.8965516,40.56803],[-3.8968718,40.567635],[-3.8984406,40.56713],[-3.9011202,40.56546],[-3.9051287,40.563435],[-3.9012072,40.560173],[-3.8991847,40.556],[-3.8950086,40.547886],[-3.8929832,40.54354],[-3.886612,40.531197],[-3.8827448,40.53342],[-3.8842936,40.5384]]],[[[-3.897935,40.550938],[-3.8979566,40.551495],[-3.9001825,40.555874],[-3.901346,40.557632],[-3.9015977,40.55785],[-3.9037948,40.55886],[-3.904282,40.55929],[-3.9065418,40.55898],[-3.906949,40.558823],[-3.9071286,40.55903],[-3.9083116,40.55867],[-3.908082,40.5583],[-3.9094305,40.557693],[-3.9111662,40.55664],[-3.9126673,40.556053],[-3.912643,40.55544],[-3.9111676,40.555576],[-3.910659,40.555946],[-3.9094152,40.55657],[-3.90811,40.5574],[-3.906288,40.558014],[-3.9043818,40.558334],[-3.9042013,40.558052],[-3.9036553,40.558044],[-3.9036684,40.55782],[-3.9033167,40.55675],[-3.9046092,40.556152],[-3.904789,40.555202],[-3.9046886,40.55489],[-3.903979,40.55467],[-3.9038556,40.554424],[-3.903989,40.553623],[-3.904522,40.552658],[-3.9092014,40.552032],[-3.9096098,40.55138],[-3.9102826,40.551266],[-3.910328,40.551056],[-3.911819,40.550922],[-3.9117267,40.55003],[-3.907099,40.550312],[-3.9064412,40.549686],[-3.9043844,40.54955],[-3.9043038,40.54981],[-3.9015653,40.550053],[-3.897935,40.550938]]]]},"properties":{"slug":"las-rozas","id_zona":"las-rozas-7","municipio":"Las Rozas","zona":"Los Peñascales - Pedrosillo","provincia":"","km2":11.29,"envolvente":false,"estado_dato":"pendiente","url_ficha":null,"fuente_nombre":"Punto de Acceso Nacional de la DGT, Zonas de Bajas Emisiones (DATEX2 v3)","fuente_url":"https://nap.dgt.es/datex2/v3/dgt/zbe/ControledZonePublication/LasRozas.xml","fecha_descarga":"2026-09-23"}},{"type":"Feature","geometry":{"type":"Polygon","coordinates":[[[-4.427451,36.70943],[-4.420623,36.716244],[-4.4203563,36.716427],[-4.4203,36.716686],[-4.4195313,36.717506],[-4.412793,36.71943],[-4.4122615,36.71949],[-4.412569,36.71764],[-4.4144616,36.714436],[-4.4147162,36.714264],[-4.4147477,36.713886],[-4.4141297,36.713528],[-4.4080563,36.718426],[-4.4057827,36.719414],[-4.40452,36.719536],[-4.4033976,36.719524],[-4.4028454,36.719685],[-4.4008327,36.72084],[-4.399196,36.721333],[-4.399681,36.722515],[-4.3994617,36.723602],[-4.4002085,36.724754],[-4.400408,36.724907],[-4.4010572,36.72509],[-4.4015756,36.724957],[-4.4019866,36.724957],[-4.4031906,36.7254],[-4.4040065,36.72545],[-4.404534,36.725567],[-4.4049,36.725777],[-4.405012,36.72607],[-4.405591,36.726513],[-4.4058595,36.72705],[-4.4062777,36.727264],[-4.406613,36.72733],[-4.4078197,36.727127],[-4.408707,36.727116],[-4.4115987,36.727234],[-4.413527,36.7269],[-4.413545,36.72711],[-4.411896,36.72943],[-4.4134526,36.73004],[-4.4135127,36.730633],[-4.4132423,36.731712],[-4.413193,36.732334],[-4.4136667,36.733868],[-4.415522,36.733345],[-4.415481,36.73304],[-4.4157023,36.732944],[-4.415998,36.732986],[-4.417382,36.731827],[-4.4208097,36.72924],[-4.4212165,36.72927],[-4.4212074,36.729008],[-4.4213076,36.728897],[-4.4229116,36.72899],[-4.423164,36.729805],[-4.423303,36.729713],[-4.42453,36.729607],[-4.4255805,36.729687],[-4.4256973,36.728085],[-4.427045,36.72813],[-4.426954,36.72689],[-4.4284854,36.727417],[-4.4285555,36.726772],[-4.4299445,36.726833],[-4.4302163,36.72655],[-4.430451,36.72647],[-4.4309974,36.724854],[-4.4315376,36.7241],[-4.431591,36.721844],[-4.431473,36.721394],[-4.433311,36.72137],[-4.4345226,36.720768],[-4.434392,36.720627],[-4.4350934,36.72018],[-4.4342575,36.71931],[-4.4354672,36.71879],[-4.4348555,36.71795],[-4.4349246,36.717117],[-4.435988,36.717075],[-4.435982,36.716972],[-4.4356003,36.716763],[-4.435535,36.71647],[-4.435665,36.71625],[-4.435855,36.716145],[-4.4357963,36.715885],[-4.436135,36.715828],[-4.4362664,36.71566],[-4.4360566,36.715416],[-4.43542,36.715305],[-4.432406,36.71425],[-4.431983,36.714233],[-4.4318914,36.7141],[-4.4318876,36.713886],[-4.4312024,36.713158],[-4.430179,36.711735],[-4.4276676,36.709778],[-4.427451,36.70943]]]},"properties":{"slug":"malaga","id_zona":"malaga-0","municipio":"Málaga","zona":"","provincia":"","km2":8.95,"envolvente":false,"estado_dato":"verificado","url_ficha":"/zbe/malaga/","fuente_nombre":"Punto de Acceso Nacional de la DGT, Zonas de Bajas Emisiones (DATEX2 v3)","fuente_url":"https://nap.dgt.es/datex2/v3/dgt/zbe/ControledZonePublication/Malaga.xml","fecha_descarga":"2026-09-23"}},{"type":"Feature","geometry":{"type":"Polygon","coordinates":[[[-3.935183,40.527363],[-3.9356906,40.527393],[-3.9356515,40.52697],[-3.9332979,40.525322],[-3.9350588,40.523457],[-3.9358811,40.52176],[-3.9358988,40.520508],[-3.9375024,40.519424],[-3.9372983,40.519268],[-3.9373462,40.51879],[-3.9366195,40.517918],[-3.9358366,40.518436],[-3.9350345,40.518482],[-3.9308724,40.519447],[-3.9309266,40.517426],[-3.9300835,40.516663],[-3.9296796,40.517025],[-3.9294028,40.516853],[-3.929783,40.516468],[-3.9289944,40.516045],[-3.9280324,40.51575],[-3.9273884,40.51564],[-3.9272664,40.516113],[-3.92695,40.516045],[-3.9270484,40.515564],[-3.9212742,40.514717],[-3.9213784,40.513287],[-3.91655,40.51204],[-3.9165306,40.51191],[-3.9164057,40.511837],[-3.916314,40.511253],[-3.9158409,40.511097],[-3.9136357,40.51059],[-3.9124296,40.510418],[-3.9107716,40.510365],[-3.9103634,40.51051],[-3.91026,40.51059],[-3.909129,40.5134],[-3.9080055,40.51353],[-3.907475,40.513668],[-3.907095,40.513935],[-3.906207,40.514977],[-3.9059086,40.515186],[-3.9054382,40.51526],[-3.9053962,40.51532],[-3.9059348,40.516132],[-3.9055243,40.5165],[-3.903742,40.517754],[-3.9051373,40.518826],[-3.905697,40.51895],[-3.9057777,40.51905],[-3.905744,40.519337],[-3.9052052,40.51944],[-3.9042902,40.519997],[-3.903418,40.52087],[-3.902965,40.52157],[-3.902577,40.522842],[-3.903,40.522915],[-3.9034722,40.523113],[-3.9035127,40.523033],[-3.9044185,40.52382],[-3.9047117,40.52396],[-3.9048574,40.523945],[-3.9051,40.52343],[-3.9053488,40.52338],[-3.9054863,40.52349],[-3.9052508,40.52378],[-3.9054618,40.524002],[-3.9062202,40.524662],[-3.9066792,40.52474],[-3.907204,40.525055],[-3.9079194,40.525635],[-3.9082155,40.52598],[-3.9087365,40.52601],[-3.9091058,40.52561],[-3.9093244,40.526386],[-3.9090362,40.526627],[-3.9089167,40.527027],[-3.9094632,40.5274],[-3.9096093,40.52743],[-3.9098756,40.52713],[-3.9103353,40.527237],[-3.9108322,40.527042],[-3.911264,40.52664],[-3.9113848,40.52634],[-3.9124985,40.525566],[-3.9125586,40.52539],[-3.912177,40.524895],[-3.9116962,40.52505],[-3.9112632,40.525043],[-3.9101696,40.524227],[-3.9100478,40.523834],[-3.909277,40.523495],[-3.908459,40.52334],[-3.9077196,40.52286],[-3.906061,40.52211],[-3.904786,40.521435],[-3.905017,40.521255],[-3.9054534,40.52152],[-3.9065576,40.52189],[-3.9069097,40.52208],[-3.9075277,40.5222],[-3.908735,40.522816],[-3.9091868,40.522976],[-3.909737,40.523033],[-3.9099998,40.522755],[-3.9098973,40.522564],[-3.9095957,40.522427],[-3.9094267,40.52225],[-3.9081197,40.52165],[-3.9071262,40.520844],[-3.9062865,40.520317],[-3.9065335,40.52011],[-3.90665,40.5201],[-3.9071681,40.520245],[-3.9080226,40.520634],[-3.9084456,40.521114],[-3.9103217,40.521923],[-3.9104874,40.521873],[-3.9105895,40.522022],[-3.9105759,40.52225],[-3.9107144,40.522644],[-3.9111934,40.52357],[-3.911362,40.52372],[-3.9116795,40.52382],[-3.912589,40.524563],[-3.9129531,40.524395],[-3.9131696,40.52439],[-3.9131348,40.52428],[-3.9133332,40.524178],[-3.9134004,40.524227],[-3.9128416,40.524765],[-3.9128437,40.524918],[-3.9134653,40.52532],[-3.9136994,40.525394],[-3.9139473,40.52525],[-3.9145956,40.525486],[-3.913949,40.526295],[-3.9153612,40.527386],[-3.9155676,40.527485],[-3.9183419,40.52791],[-3.9198153,40.528748],[-3.920104,40.52968],[-3.9202206,40.53043],[-3.921041,40.53286],[-3.9213676,40.532986],[-3.9214442,40.534016],[-3.9217963,40.535995],[-3.9215496,40.53622],[-3.9213607,40.536854],[-3.9213912,40.536953],[-3.9226491,40.53679],[-3.9238741,40.53621],[-3.9250803,40.53525],[-3.9266124,40.534348],[-3.927855,40.53288],[-3.9283633,40.532013],[-3.928664,40.531815],[-3.9290965,40.531727],[-3.9301822,40.531868],[-3.9312391,40.531494],[-3.9318545,40.530533],[-3.9318218,40.529736],[-3.9320512,40.52909],[-3.9326253,40.528275],[-3.9330986,40.528023],[-3.9349985,40.527477],[-3.935183,40.527363]]]},"properties":{"slug":"las-rozas","id_zona":"las-rozas-6","municipio":"Las Rozas","zona":"Lazarejo","provincia":"","km2":8.7,"envolvente":false,"estado_dato":"pendiente","url_ficha":null,"fuente_nombre":"Punto de Acceso Nacional de la DGT, Zonas de Bajas Emisiones (DATEX2 v3)","fuente_url":"https://nap.dgt.es/datex2/v3/dgt/zbe/ControledZonePublication/LasRozas.xml","fecha_descarga":"2026-09-23"}},{"type":"Feature","geometry":{"type":"Polygon","coordinates":[[[2.0755343,41.32148],[2.076168,41.320164],[2.0777545,41.317814],[2.0789769,41.31675],[2.079906,41.31574],[2.082281,41.314156],[2.0838819,41.313503],[2.0845287,41.313427],[2.0950198,41.31708],[2.0951183,41.316914],[2.096069,41.317097],[2.0972784,41.31583],[2.0974772,41.315918],[2.09731,41.316326],[2.098243,41.3167],[2.0974076,41.317616],[2.0978622,41.317825],[2.0979104,41.31796],[2.103006,41.319553],[2.1044288,41.320087],[2.1090748,41.32223],[2.1079066,41.323326],[2.1074967,41.323486],[2.1065743,41.32345],[2.106202,41.323696],[2.1061525,41.323925],[2.106428,41.32432],[2.1064448,41.324497],[2.1060035,41.32527],[2.1058748,41.32568],[2.1058252,41.32623],[2.1059542,41.326904],[2.1064723,41.3284],[2.1065617,41.32888],[2.1065595,41.3296],[2.1063159,41.330544],[2.105698,41.331573],[2.104767,41.33244],[2.1024985,41.334114],[2.1017303,41.334587],[2.100398,41.33527],[2.0995514,41.335587],[2.097638,41.336033],[2.0972235,41.335964],[2.0963914,41.335506],[2.0950074,41.33493],[2.0873606,41.33228],[2.0870435,41.332127],[2.0868733,41.331932],[2.0868967,41.33135],[2.0868375,41.33119],[2.086419,41.33085],[2.082069,41.329285],[2.0814466,41.329235],[2.0798254,41.32775],[2.076602,41.323753],[2.075774,41.322475],[2.075506,41.32159],[2.0755343,41.32148]]]},"properties":{"slug":"el-prat-de-llobregat","id_zona":"el-prat-de-llobregat-0","municipio":"El Prat de Llobregat","zona":"","provincia":"","km2":7.02,"envolvente":false,"estado_dato":"pendiente","url_ficha":null,"fuente_nombre":"Punto de Acceso Nacional de la DGT, Zonas de Bajas Emisiones (DATEX2 v3)","fuente_url":"https://nap.dgt.es/datex2/v3/dgt/zbe/ControledZonePublication/ElPratDeLlobregat.xml","fecha_descarga":"2026-09-23"}},{"type":"Feature","geometry":{"type":"Polygon","coordinates":[[[2.0581784,41.35865],[2.0590827,41.359264],[2.0582776,41.361027],[2.0600884,41.362236],[2.058792,41.363495],[2.0610423,41.364834],[2.0612342,41.36489],[2.0618706,41.36445],[2.062109,41.364483],[2.0626075,41.36423],[2.0626092,41.36413],[2.0627584,41.364174],[2.0635133,41.363457],[2.0651784,41.36257],[2.0654397,41.362656],[2.0680993,41.36424],[2.069871,41.364944],[2.0699136,41.364883],[2.072371,41.36597],[2.073016,41.365788],[2.0735707,41.366356],[2.0734031,41.366467],[2.0739105,41.366707],[2.0742202,41.366558],[2.0749605,41.367294],[2.0774145,41.368725],[2.079081,41.369797],[2.0783613,41.371037],[2.0755618,41.373135],[2.0727453,41.375397],[2.0714228,41.3755],[2.069655,41.376373],[2.0693834,41.37641],[2.0693562,41.376633],[2.0677834,41.37693],[2.067451,41.377075],[2.0669742,41.377438],[2.066441,41.37815],[2.065433,41.37888],[2.065504,41.37923],[2.0650375,41.379467],[2.0627973,41.37928],[2.0617447,41.379387],[2.0614936,41.378983],[2.0596273,41.37925],[2.0590725,41.37777],[2.0573027,41.378036],[2.0571694,41.377945],[2.0565023,41.378136],[2.055937,41.378128],[2.055566,41.378254],[2.0546982,41.37824],[2.0542161,41.3784],[2.0537543,41.378166],[2.0536115,41.378178],[2.0529697,41.378532],[2.05267,41.378902],[2.052543,41.379208],[2.0528994,41.379543],[2.0526147,41.379543],[2.0516338,41.379047],[2.0481331,41.376556],[2.0460405,41.375175],[2.045846,41.375065],[2.0457408,41.37527],[2.043702,41.374382],[2.0433571,41.37377],[2.0455065,41.37164],[2.045616,41.37127],[2.046164,41.370907],[2.052655,41.364136],[2.0554864,41.36141],[2.0554326,41.36113],[2.0555108,41.36092],[2.0558572,41.360752],[2.056003,41.36078],[2.0581784,41.35865]]]},"properties":{"slug":"sant-joan-despi","id_zona":"sant-joan-despi-0","municipio":"Sant Joan Despí","zona":"","provincia":"","km2":6.9,"envolvente":false,"estado_dato":"pendiente","url_ficha":null,"fuente_nombre":"Punto de Acceso Nacional de la DGT, Zonas de Bajas Emisiones (DATEX2 v3)","fuente_url":"https://nap.dgt.es/datex2/v3/dgt/zbe/ControledZonePublication/SantJoanDespi.xml","fecha_descarga":"2026-09-23"}},{"type":"Feature","geometry":{"type":"Polygon","coordinates":[[[1.9948282,41.3122],[2.0010076,41.311478],[2.0022821,41.31146],[2.002625,41.31139],[2.003694,41.310467],[2.0063617,41.307312],[2.0070097,41.306698],[2.0074453,41.306503],[2.008157,41.306377],[2.0114908,41.30653],[2.0115016,41.306683],[2.0117571,41.30669],[2.0185006,41.313385],[2.0187106,41.31325],[2.0195878,41.313778],[2.0205634,41.31512],[2.0233963,41.311687],[2.026099,41.309036],[2.028732,41.3105],[2.029947,41.31152],[2.0312717,41.312912],[2.0277927,41.314754],[2.0288563,41.315937],[2.0305212,41.317497],[2.0311968,41.317974],[2.027487,41.32088],[2.0292177,41.32225],[2.028914,41.322487],[2.0288622,41.322784],[2.0289843,41.32307],[2.0291712,41.323254],[2.0259857,41.32381],[2.024548,41.325882],[2.023048,41.325775],[2.0215461,41.325775],[2.018208,41.32622],[2.016667,41.32621],[2.0148125,41.326015],[2.0139465,41.325768],[2.0128899,41.325085],[2.0110614,41.326836],[2.0101485,41.326565],[2.0100555,41.326443],[2.0115597,41.324932],[2.0101452,41.323757],[2.0097198,41.32397],[2.0093606,41.323902],[2.0092072,41.32366],[2.0088177,41.32382],[2.0085418,41.32376],[2.0081987,41.32345],[2.0080044,41.323124],[2.0062258,41.323494],[2.0057142,41.323254],[2.0046792,41.32322],[2.0031426,41.3227],[2.002247,41.322865],[2.001136,41.322647],[2.0010593,41.322487],[2.0010965,41.32238],[2.0014045,41.32214],[2.001553,41.321697],[2.0021791,41.321274],[2.002535,41.321148],[2.0020792,41.32078],[2.0017874,41.321007],[2.0014634,41.320908],[1.9992846,41.321995],[1.9984269,41.32226],[1.9982526,41.321777],[1.99808,41.321693],[1.9978114,41.321686],[1.997338,41.321835],[1.9972472,41.320953],[1.9974266,41.321007],[1.9983737,41.32047],[1.9985695,41.32008],[1.998372,41.31997],[1.9981892,41.32014],[1.9981874,41.320255],[1.9978831,41.32031],[1.9978704,41.319893],[1.9974017,41.31954],[1.9974444,41.31913],[1.9971871,41.317966],[1.9974402,41.317543],[1.9980613,41.317238],[1.9984477,41.316776],[1.9990487,41.316547],[1.9996204,41.316574],[2.0020003,41.314735],[2.004133,41.31294],[2.0036812,41.31272],[2.0015123,41.314404],[2.0001037,41.31473],[1.9994211,41.314728],[1.9968102,41.314304],[1.9956969,41.31394],[1.9953988,41.31359],[1.9948282,41.3122]]]},"properties":{"slug":"viladecans","id_zona":"viladecans-0","municipio":"Viladecans","zona":"","provincia":"","km2":6.9,"envolvente":false,"estado_dato":"pendiente","url_ficha":null,"fuente_nombre":"Punto de Acceso Nacional de la DGT, Zonas de Bajas Emisiones (DATEX2 v3)","fuente_url":"https://nap.dgt.es/datex2/v3/dgt/zbe/ControledZonePublication/Viladecans.xml","fecha_descarga":"2026-09-23"}},{"type":"Feature","geometry":{"type":"Polygon","coordinates":[[[2.0915344,41.479904],[2.091135,41.47919],[2.0903594,41.47721],[2.0935733,41.475468],[2.0949664,41.475548],[2.095154,41.475502],[2.0949264,41.47516],[2.0939198,41.4744],[2.0938296,41.47427],[2.0939999,41.47403],[2.0946531,41.47365],[2.0974104,41.473766],[2.097598,41.47316],[2.0975704,41.47274],[2.0956619,41.46984],[2.0957537,41.469578],[2.0956159,41.469357],[2.0952837,41.46938],[2.0950308,41.469666],[2.0944817,41.469856],[2.092883,41.470123],[2.090787,41.47006],[2.0905135,41.469814],[2.0904703,41.46972],[2.0910513,41.465794],[2.090877,41.465733],[2.0907114,41.46555],[2.0870986,41.46408],[2.0870903,41.463936],[2.0839455,41.462208],[2.0841537,41.461918],[2.0848558,41.461727],[2.0848517,41.461243],[2.084327,41.46029],[2.0839846,41.460133],[2.0836036,41.460136],[2.0834987,41.459805],[2.0829244,41.460003],[2.082315,41.462463],[2.0823007,41.463413],[2.082107,41.463646],[2.0803013,41.464752],[2.0803814,41.464912],[2.0801742,41.46506],[2.0809393,41.46638],[2.0802748,41.466717],[2.076951,41.46669],[2.0761828,41.465973],[2.0753548,41.465576],[2.074833,41.46519],[2.0690613,41.460617],[2.0665033,41.46166],[2.0665488,41.461967],[2.066851,41.46249],[2.0670748,41.46268],[2.0679622,41.46309],[2.069837,41.46355],[2.070301,41.464024],[2.0703998,41.464302],[2.0702784,41.465965],[2.070559,41.46648],[2.0703664,41.46675],[2.0701945,41.467236],[2.0700483,41.469078],[2.069959,41.469627],[2.0696688,41.470318],[2.0696995,41.47071],[2.0692933,41.47097],[2.0692103,41.471497],[2.0678945,41.473465],[2.067852,41.47364],[2.0678556,41.47387],[2.068378,41.474136],[2.068339,41.474426],[2.0692866,41.47614],[2.069399,41.47659],[2.06936,41.477463],[2.0692337,41.477657],[2.0692303,41.477886],[2.069392,41.478256],[2.06917,41.47851],[2.069264,41.479515],[2.069386,41.479717],[2.0697827,41.479996],[2.0707183,41.47994],[2.0794044,41.48028],[2.079866,41.48015],[2.0800657,41.480015],[2.080452,41.48003],[2.0806289,41.480156],[2.0806723,41.48045],[2.0807912,41.48063],[2.0823393,41.48138],[2.0848389,41.48249],[2.0862968,41.482784],[2.0886533,41.482384],[2.0897858,41.48207],[2.0914607,41.481445],[2.0924478,41.480568],[2.0915344,41.479904]]]},"properties":{"slug":"sant-cugat-del-valles","id_zona":"sant-cugat-del-valles-0","municipio":"Sant Cugat del Vallès","zona":"","provincia":"","km2":6.6,"envolvente":false,"estado_dato":"pendiente","url_ficha":null,"fuente_nombre":"Punto de Acceso Nacional de la DGT, Zonas de Bajas Emisiones (DATEX2 v3)","fuente_url":"https://nap.dgt.es/datex2/v3/dgt/zbe/ControledZonePublication/SantCugatDelValles.xml","fecha_descarga":"2026-09-23"}},{"type":"Feature","geometry":{"type":"MultiPolygon","coordinates":[[[[2.0249953,41.34942],[2.0260265,41.34987],[2.02685,41.350044],[2.0270252,41.35002],[2.027247,41.34986],[2.0282447,41.34569],[2.0285137,41.34514],[2.0297585,41.343536],[2.0297458,41.343468],[2.0295825,41.34347],[2.0290813,41.344013],[2.028632,41.344307],[2.0264425,41.345184],[2.0258517,41.34549],[2.025373,41.345848],[2.0247145,41.34656],[2.023906,41.347664],[2.0236688,41.34859],[2.0237749,41.348717],[2.0249953,41.34942]]],[[[2.0253901,41.353333],[2.0255535,41.354004],[2.0257854,41.354477],[2.0261674,41.354843],[2.0267093,41.355087],[2.0270095,41.354275],[2.0267835,41.354164],[2.0266502,41.35393],[2.0267284,41.353683],[2.026925,41.353542],[2.026811,41.352993],[2.0268226,41.35196],[2.0262895,41.352154],[2.0258968,41.352867],[2.0253398,41.35303],[2.0253901,41.353333]]],[[[2.048475,41.341263],[2.048306,41.34101],[2.0479467,41.341003],[2.0460708,41.337337],[2.0456884,41.336575],[2.0460544,41.33645],[2.0450442,41.33446],[2.043429,41.333225],[2.0421467,41.334106],[2.0417454,41.33419],[2.0406406,41.335022],[2.0395296,41.335686],[2.0396903,41.33593],[2.03813,41.336643],[2.036728,41.337418],[2.0368385,41.33753],[2.0355883,41.338165],[2.0353243,41.338017],[2.0311918,41.340042],[2.0305364,41.34067],[2.0302875,41.341236],[2.0304108,41.342697],[2.0306537,41.343037],[2.0306504,41.343224],[2.0305238,41.343365],[2.030255,41.343433],[2.0287495,41.345406],[2.0284023,41.346462],[2.0283175,41.346813],[2.0284307,41.34683],[2.0284066,41.346935],[2.028311,41.346985],[2.028108,41.34767],[2.0276196,41.349857],[2.0278962,41.350193],[2.0278876,41.35045],[2.0275903,41.35067],[2.027392,41.35097],[2.0271587,41.35215],[2.0271637,41.35291],[2.027285,41.353497],[2.027621,41.35366],[2.027722,41.35396],[2.0276155,41.35415],[2.027365,41.35428],[2.027107,41.35513],[2.0296528,41.355682],[2.0300968,41.35574],[2.0304728,41.35566],[2.0309417,41.355885],[2.0343823,41.354916],[2.0354843,41.3548],[2.0356584,41.354603],[2.0359688,41.3529],[2.036446,41.35198],[2.0371954,41.351173],[2.038268,41.350964],[2.0389595,41.350384],[2.0399601,41.34988],[2.0408459,41.35024],[2.0410676,41.350403],[2.043472,41.34917],[2.0451767,41.34848],[2.0482905,41.346485],[2.0498302,41.34598],[2.0505972,41.345924],[2.0506902,41.345806],[2.050655,41.345627],[2.0489452,41.34215],[2.0484483,41.34165],[2.048475,41.341263]]],[[[2.0259194,41.356255],[2.0265973,41.355255],[2.025645,41.354675],[2.0243015,41.35535],[2.023081,41.355633],[2.022805,41.35606],[2.0227256,41.35652],[2.0228205,41.356796],[2.024276,41.35716],[2.0247567,41.356846],[2.0252507,41.356956],[2.0258577,41.35731],[2.026161,41.357204],[2.0263321,41.357224],[2.0264819,41.35755],[2.02733,41.35795],[2.0279613,41.357224],[2.0259194,41.356255]]]]},"properties":{"slug":"sant-boi-de-llobregat","id_zona":"sant-boi-de-llobregat-0","municipio":"Sant Boi de Llobregat","zona":"","provincia":"","km2":6.4,"envolvente":false,"estado_dato":"pendiente","url_ficha":null,"fuente_nombre":"Punto de Acceso Nacional de la DGT, Zonas de Bajas Emisiones (DATEX2 v3)","fuente_url":"https://nap.dgt.es/datex2/v3/dgt/zbe/ControledZonePublication/SantBoiDeLlobregat.xml","fecha_descarga":"2026-09-23"}},{"type":"Feature","geometry":{"type":"MultiPolygon","coordinates":[[[[-3.7167416,40.4138],[-3.7166176,40.41399],[-3.7167194,40.41407],[-3.7167115,40.41436],[-3.7151284,40.4144],[-3.715046,40.414963],[-3.7149584,40.415047],[-3.7136598,40.414948],[-3.7140756,40.411125],[-3.714444,40.41097],[-3.7144413,40.410828],[-3.7141647,40.410534],[-3.7138667,40.409683],[-3.713361,40.408737],[-3.7121146,40.40712],[-3.7120767,40.407005],[-3.7121394,40.406914],[-3.712697,40.40715],[-3.7127001,40.40723],[-3.715319,40.408234],[-3.7166607,40.408848],[-3.718012,40.411026],[-3.7180223,40.41122],[-3.7167416,40.4138]]],[[[-3.7133496,40.415146],[-3.71268,40.420963],[-3.7125363,40.421066],[-3.7126007,40.421818],[-3.712703,40.4219],[-3.7126749,40.42214],[-3.7108517,40.423176],[-3.7105513,40.423435],[-3.7107482,40.423656],[-3.710853,40.423656],[-3.71169,40.424553],[-3.7147973,40.428883],[-3.7138543,40.430237],[-3.7063835,40.429523],[-3.7061348,40.429207],[-3.7057862,40.42915],[-3.7054453,40.429237],[-3.7052805,40.42938],[-3.7019064,40.42881],[-3.696285,40.427628],[-3.6956453,40.427437],[-3.692177,40.42571],[-3.6922388,40.42553],[-3.6915977,40.425323],[-3.6916425,40.425205],[-3.691127,40.42509],[-3.6914754,40.42408],[-3.6934454,40.4198],[-3.6937647,40.4195],[-3.694168,40.41943],[-3.6940422,40.418983],[-3.6939342,40.4189],[-3.6948304,40.415623],[-3.6949542,40.415653],[-3.6950998,40.41533],[-3.6950204,40.4153],[-3.6948905,40.414925],[-3.6949465,40.414852],[-3.6948555,40.414764],[-3.6947205,40.4148],[-3.6944053,40.414658],[-3.69429,40.4144],[-3.6935163,40.412514],[-3.692436,40.409153],[-3.693243,40.408062],[-3.69416,40.40749],[-3.7018044,40.405384],[-3.7022731,40.405582],[-3.7026067,40.405582],[-3.7029314,40.405525],[-3.7032735,40.405235],[-3.7110572,40.406662],[-3.7109106,40.406837],[-3.7110023,40.40704],[-3.711249,40.407204],[-3.7118514,40.4073],[-3.7127247,40.40842],[-3.7131317,40.409584],[-3.7132313,40.409634],[-3.7137392,40.410442],[-3.7136426,40.410545],[-3.7138462,40.411064],[-3.713646,40.412853],[-3.713592,40.413067],[-3.7133656,40.4131],[-3.7133274,40.4134],[-3.713225,40.413494],[-3.7133005,40.413525],[-3.7132752,40.413807],[-3.7135406,40.413807],[-3.7134721,40.41447],[-3.713248,40.414467],[-3.7133496,40.415146]]],[[[-3.7118583,40.407223],[-3.7118583,40.407223],[-3.7118175,40.40725],[-3.7118583,40.407223]]],[[[-3.7119389,40.407166],[-3.7119393,40.407166],[-3.7119236,40.40718],[-3.7119389,40.407166]]],[[[-3.711953,40.40715],[-3.7119534,40.40715],[-3.7119393,40.407166],[-3.711953,40.40715]]],[[[-3.7120247,40.407074],[-3.7120767,40.407005],[-3.7120247,40.407074],[-3.7120247,40.407074]]]]},"properties":{"slug":"madrid","id_zona":"madrid-2","municipio":"Madrid","zona":"ZBEDEP Distrito Centro","provincia":"","km2":6.31,"envolvente":false,"estado_dato":"verificado","url_ficha":"/zbe/madrid/","fuente_nombre":"Punto de Acceso Nacional de la DGT, Zonas de Bajas Emisiones (DATEX2 v3)","fuente_url":"https://nap.dgt.es/datex2/v3/dgt/zbe/ControledZonePublication/Madrid.xml","fecha_descarga":"2026-09-23"}},{"type":"Feature","geometry":{"type":"Polygon","coordinates":[[[1.1006206,41.14378],[1.1002523,41.144012],[1.0998679,41.14413],[1.0996714,41.14434],[1.0989071,41.14749],[1.0990244,41.147823],[1.0987891,41.147987],[1.0984888,41.149227],[1.0986221,41.14952],[1.0983641,41.14974],[1.0975945,41.152916],[1.097629,41.153122],[1.0975027,41.153297],[1.0966583,41.157017],[1.0960262,41.15933],[1.0962586,41.15952],[1.0968568,41.15972],[1.097224,41.159946],[1.0985559,41.16122],[1.1005907,41.162674],[1.1010865,41.162918],[1.1016175,41.163013],[1.1027036,41.162945],[1.1038195,41.16198],[1.1039425,41.161953],[1.1073886,41.163967],[1.1079491,41.164127],[1.1086962,41.164215],[1.1099596,41.164246],[1.1104679,41.16415],[1.1108768,41.163795],[1.1111937,41.162945],[1.1111919,41.16235],[1.1109191,41.162],[1.1109953,41.16181],[1.111222,41.161713],[1.1117971,41.161785],[1.1132118,41.16151],[1.1144468,41.161053],[1.1155111,41.160385],[1.1157379,41.159992],[1.1161746,41.1599],[1.1168226,41.15918],[1.1168362,41.158916],[1.1170794,41.158752],[1.1175042,41.157948],[1.1177596,41.156986],[1.1177108,41.156113],[1.1173577,41.15532],[1.1172626,41.15491],[1.1159761,41.153416],[1.1153634,41.152805],[1.1150976,41.15268],[1.1150304,41.15247],[1.1137064,41.15131],[1.1133773,41.15113],[1.1132925,41.15088],[1.1128634,41.150345],[1.1125458,41.14974],[1.1123492,41.149113],[1.1122371,41.14844],[1.1121844,41.147118],[1.1119337,41.146835],[1.1119722,41.14648],[1.1117846,41.146267],[1.1114455,41.146137],[1.1100428,41.145832],[1.1098098,41.145847],[1.1094887,41.14571],[1.1042564,41.14455],[1.1038753,41.144608],[1.1035703,41.1444],[1.1006206,41.14378]]]},"properties":{"slug":"reus","id_zona":"reus-0","municipio":"Reus","zona":"","provincia":"","km2":4.13,"envolvente":false,"estado_dato":"pendiente","url_ficha":null,"fuente_nombre":"Punto de Acceso Nacional de la DGT, Zonas de Bajas Emisiones (DATEX2 v3)","fuente_url":"https://nap.dgt.es/datex2/v3/dgt/zbe/ControledZonePublication/Reus.xml","fecha_descarga":"2026-09-23"}},{"type":"Feature","geometry":{"type":"Polygon","coordinates":[[[1.9874101,41.313587],[1.9868807,41.313778],[1.9861895,41.313244],[1.9865448,41.312984],[1.9864488,41.312702],[1.9866972,41.312595],[1.987737,41.31271],[1.987605,41.311905],[1.9880755,41.31122],[1.9884657,41.311134],[1.9888083,41.311462],[1.9892166,41.31209],[1.9897147,41.312428],[1.9902132,41.312565],[1.9907684,41.312386],[1.9917787,41.31152],[1.9929801,41.310802],[1.9937832,41.310482],[1.9912553,41.31038],[1.9906965,41.31007],[1.9890935,41.3094],[1.9879435,41.309174],[1.9869372,41.309147],[1.9865793,41.309032],[1.9865202,41.308903],[1.9877554,41.308617],[1.9877471,41.308422],[1.9883635,41.3083],[1.9889052,41.308346],[1.9898089,41.308144],[1.9903117,41.308113],[1.9908336,41.308197],[1.991019,41.307903],[1.9912256,41.307777],[1.9923682,41.307423],[1.9928877,41.30718],[1.9932683,41.306904],[1.9937199,41.30624],[1.991439,41.30563],[1.9902973,41.30544],[1.9897048,41.304485],[1.9895589,41.30375],[1.9894987,41.303055],[1.9896642,41.30222],[1.990141,41.30146],[1.9908026,41.3008],[1.9908189,41.300392],[1.9910527,41.299866],[1.9914992,41.299477],[1.9927133,41.299046],[1.9937761,41.29878],[1.9953448,41.298515],[1.9965068,41.29842],[1.9972191,41.298492],[1.9986997,41.300423],[1.999698,41.299744],[2.0032165,41.298706],[2.0039809,41.298286],[2.0080943,41.301353],[2.011003,41.303234],[2.009383,41.304237],[2.0107875,41.305725],[2.011569,41.305473],[2.0127945,41.305298],[2.012238,41.305862],[2.0110917,41.30653],[2.008157,41.306377],[2.007443,41.30649],[2.007001,41.306686],[2.0063496,41.3073],[2.0036495,41.31048],[2.0026236,41.311386],[2.0022547,41.311447],[2.0016599,41.311394],[1.9936373,41.312344],[1.9934293,41.3124],[1.9933403,41.312508],[1.9934283,41.312862],[1.993309,41.313004],[1.9929719,41.31307],[1.9920489,41.312977],[1.9912356,41.313114],[1.9892501,41.314003],[1.9877645,41.31398],[1.9877071,41.3139],[1.988127,41.31372],[1.9881439,41.313625],[1.9878908,41.313538],[1.9874101,41.313587]]]},"properties":{"slug":"gava","id_zona":"gava-0","municipio":"Gavà","zona":"","provincia":"","km2":3.87,"envolvente":false,"estado_dato":"pendiente","url_ficha":null,"fuente_nombre":"Punto de Acceso Nacional de la DGT, Zonas de Bajas Emisiones (DATEX2 v3)","fuente_url":"https://nap.dgt.es/datex2/v3/dgt/zbe/ControledZonePublication/Gava.xml","fecha_descarga":"2026-09-23"}},{"type":"Feature","geometry":{"type":"Polygon","coordinates":[[[2.004184,41.5562],[2.001057,41.55539],[2.000364,41.557156],[1.999944,41.55789],[1.998639,41.561092],[1.998461,41.561413],[1.997703,41.561954],[1.995648,41.565254],[2.000381,41.567654],[2.001839,41.568287],[2.00586,41.569542],[2.007555,41.569912],[2.009656,41.570072],[2.010004,41.56996],[2.010812,41.570045],[2.012177,41.569965],[2.013406,41.569813],[2.014607,41.56938],[2.015136,41.56954],[2.015781,41.5696],[2.019513,41.569202],[2.020433,41.569073],[2.020695,41.56895],[2.021003,41.569046],[2.021675,41.568977],[2.020528,41.566353],[2.019326,41.563908],[2.019444,41.56244],[2.020809,41.557045],[2.018468,41.557938],[2.01176,41.556713],[2.007871,41.556965],[2.005247,41.556343],[2.004184,41.5562]]]},"properties":{"slug":"terrassa","id_zona":"terrassa-0","municipio":"Terrassa","zona":"","provincia":"","km2":3.52,"envolvente":false,"estado_dato":"pendiente","url_ficha":null,"fuente_nombre":"Punto de Acceso Nacional de la DGT, Zonas de Bajas Emisiones (DATEX2 v3)","fuente_url":"https://nap.dgt.es/datex2/v3/dgt/zbe/ControledZonePublication/Terrasa.xml","fecha_descarga":"2026-09-23"}},{"type":"Feature","geometry":{"type":"Polygon","coordinates":[[[-0.12616031,38.539154],[-0.124784805,38.53807],[-0.12435059,38.53872],[-0.12367612,38.53922],[-0.12044506,38.538948],[-0.120473444,38.53572],[-0.124816254,38.53586],[-0.12896912,38.53507],[-0.12984674,38.534836],[-0.13086411,38.533695],[-0.13122341,38.533783],[-0.13132866,38.534355],[-0.13166086,38.53464],[-0.13223715,38.534775],[-0.13249546,38.536182],[-0.13606593,38.537045],[-0.13754301,38.53714],[-0.14575292,38.536983],[-0.14952056,38.53644],[-0.1511835,38.53612],[-0.15141518,38.53626],[-0.1515135,38.536774],[-0.15116954,38.536907],[-0.14746323,38.537415],[-0.14729406,38.53719],[-0.14698733,38.537136],[-0.1467652,38.53718],[-0.1467664,38.53737],[-0.14622042,38.537437],[-0.14380613,38.537334],[-0.14376126,38.537598],[-0.14124948,38.53752],[-0.14115968,38.53758],[-0.13969481,38.537647],[-0.13964018,38.537548],[-0.13874505,38.53754],[-0.1385493,38.53778],[-0.13818097,38.537956],[-0.13743585,38.538097],[-0.13730137,38.53793],[-0.13701019,38.53785],[-0.13251136,38.542965],[-0.13210504,38.54316],[-0.13166916,38.543644],[-0.13105528,38.543842],[-0.1308684,38.543163],[-0.13089612,38.542873],[-0.13131432,38.542297],[-0.13131097,38.542057],[-0.13118562,38.541786],[-0.13091126,38.541595],[-0.13023193,38.54144],[-0.12961614,38.54084],[-0.12960517,38.539402],[-0.12954085,38.538982],[-0.12933327,38.538662],[-0.128491,38.53841],[-0.1283074,38.538223],[-0.12836577,38.537895],[-0.12815706,38.53763],[-0.12616031,38.539154]]]},"properties":{"slug":"benidorm","id_zona":"benidorm-0","municipio":"Benidorm","zona":"","provincia":"","km2":3.04,"envolvente":false,"estado_dato":"parcial","url_ficha":"/zbe/benidorm/","fuente_nombre":"Punto de Acceso Nacional de la DGT, Zonas de Bajas Emisiones (DATEX2 v3)","fuente_url":"https://nap.dgt.es/datex2/v3/dgt/zbe/ControledZonePublication/Benidorm.xml","fecha_descarga":"2026-09-23"}},{"type":"Feature","geometry":{"type":"Polygon","coordinates":[[[2.822859,41.989136],[2.8225038,41.988934],[2.821996,41.98887],[2.82177,41.989025],[2.821564,41.989307],[2.8204856,41.989788],[2.8195312,41.989758],[2.818577,41.989674],[2.8173208,41.989334],[2.817018,41.989414],[2.814964,41.988815],[2.8138218,41.988407],[2.8129363,41.987946],[2.8123071,41.987453],[2.8116853,41.98678],[2.8104124,41.985126],[2.8102374,41.985004],[2.8099,41.98527],[2.8093934,41.990204],[2.809084,41.990192],[2.8096397,41.985188],[2.809361,41.98499],[2.8093321,41.984764],[2.8096473,41.98446],[2.8098118,41.98396],[2.8090866,41.983604],[2.808921,41.98339],[2.8090749,41.981308],[2.809229,41.981052],[2.8107677,41.98113],[2.8109148,41.980057],[2.8106935,41.979053],[2.8104608,41.978405],[2.809694,41.97668],[2.8103402,41.97672],[2.810222,41.976448],[2.813431,41.97644],[2.8137908,41.976353],[2.8147705,41.975903],[2.8154707,41.975704],[2.816395,41.97552],[2.8164403,41.975643],[2.8206081,41.974762],[2.820611,41.974636],[2.8241034,41.97405],[2.8241568,41.974308],[2.8242846,41.97442],[2.8244913,41.97444],[2.82473,41.974705],[2.823888,41.97531],[2.8233533,41.97626],[2.823354,41.976925],[2.823901,41.978657],[2.8238583,41.979404],[2.8236575,41.98044],[2.8233848,41.981133],[2.8239262,41.981094],[2.8242028,41.980656],[2.8246698,41.98065],[2.8249502,41.980743],[2.825255,41.980503],[2.8259907,41.980667],[2.8263068,41.980827],[2.8260663,41.98155],[2.8263667,41.98222],[2.827129,41.983063],[2.82717,41.983253],[2.8273897,41.983566],[2.8278382,41.983982],[2.8277705,41.98397],[2.827747,41.984097],[2.8282032,41.98421],[2.8287702,41.984863],[2.8288972,41.9849],[2.8288007,41.984936],[2.828406,41.986526],[2.8285005,41.98654],[2.8284907,41.986885],[2.8282933,41.98691],[2.827495,41.98744],[2.8260694,41.98797],[2.8260536,41.98826],[2.82622,41.988476],[2.8256607,41.988697],[2.8246028,41.98928],[2.824321,41.989124],[2.824123,41.98889],[2.8238118,41.988888],[2.8237488,41.98812],[2.8231947,41.988068],[2.822859,41.989136]]]},"properties":{"slug":"girona","id_zona":"girona-0","municipio":"Gerona","zona":"","provincia":"","km2":2.96,"envolvente":false,"estado_dato":"pendiente","url_ficha":null,"fuente_nombre":"Punto de Acceso Nacional de la DGT, Zonas de Bajas Emisiones (DATEX2 v3)","fuente_url":"https://nap.dgt.es/datex2/v3/dgt/zbe/ControledZonePublication/Girona.xml","fecha_descarga":"2026-09-23"}},{"type":"Feature","geometry":{"type":"Polygon","coordinates":[[[2.2859652,41.99619],[2.2860544,41.99663],[2.2857378,41.99756],[2.2855213,41.99766],[2.2849445,41.9975],[2.2825153,41.997604],[2.2810156,41.997986],[2.2797234,41.99848],[2.2789743,41.998615],[2.2783265,41.998604],[2.276363,41.99836],[2.2758977,41.999794],[2.274513,41.99991],[2.272868,41.99965],[2.2720604,41.999695],[2.2712412,42.000145],[2.2711136,42.00035],[2.2713432,42.001682],[2.2715757,42.00174],[2.2715743,42.001884],[2.2735195,42.00234],[2.273508,42.003365],[2.273887,42.003742],[2.2747617,42.004],[2.2756975,42.004547],[2.2772393,42.005203],[2.2769766,42.00547],[2.2784045,42.006195],[2.2780457,42.007114],[2.278369,42.007317],[2.2783263,42.007515],[2.278073,42.0075],[2.2774255,42.007153],[2.276725,42.007824],[2.2788079,42.008995],[2.2788885,42.00882],[2.279259,42.008873],[2.2793708,42.0091],[2.28129,42.01016],[2.2815738,42.010166],[2.2838778,42.011192],[2.2865696,42.01142],[2.2912452,42.0066],[2.289448,42.00556],[2.2890925,42.00559],[2.288914,42.00542],[2.289014,42.00515],[2.2894104,42.005104],[2.2917528,42.0036],[2.2917244,42.00339],[2.2919238,42.003216],[2.2916725,42.0026],[2.291391,42.000603],[2.291244,42.000484],[2.2912629,41.99942],[2.2911308,41.99933],[2.2888343,41.998817],[2.2878156,41.998238],[2.2867634,41.99786],[2.286573,41.997818],[2.286488,41.998177],[2.2862887,41.99812],[2.2858865,41.99781],[2.2858338,41.997562],[2.2861369,41.99668],[2.286233,41.99663],[2.286291,41.996315],[2.2859652,41.99619]]]},"properties":{"slug":"manlleu","id_zona":"manlleu-0","municipio":"Manlleu","zona":"","provincia":"","km2":2.9,"envolvente":false,"estado_dato":"pendiente","url_ficha":null,"fuente_nombre":"Punto de Acceso Nacional de la DGT, Zonas de Bajas Emisiones (DATEX2 v3)","fuente_url":"https://nap.dgt.es/datex2/v3/dgt/zbe/ControledZonePublication/Manlleu.xml","fecha_descarga":"2026-09-23"}},{"type":"Feature","geometry":{"type":"Polygon","coordinates":[[[-2.9441717,43.267544],[-2.943583,43.2674],[-2.9434047,43.26702],[-2.9434128,43.266792],[-2.9435883,43.26658],[-2.944983,43.266205],[-2.9448786,43.265995],[-2.944836,43.26556],[-2.9446585,43.26527],[-2.9447577,43.26502],[-2.9450455,43.264866],[-2.946071,43.262398],[-2.9460416,43.262238],[-2.9462025,43.262062],[-2.9468257,43.260582],[-2.9464262,43.260033],[-2.9461458,43.25979],[-2.9458904,43.25838],[-2.9461093,43.25838],[-2.9459782,43.257954],[-2.9357812,43.25744],[-2.9355767,43.257874],[-2.9354367,43.25793],[-2.9343765,43.257385],[-2.9340425,43.25736],[-2.9338787,43.25727],[-2.9328387,43.25722],[-2.9327478,43.25715],[-2.9316409,43.2571],[-2.930442,43.25668],[-2.9279492,43.25855],[-2.9273932,43.258633],[-2.9272375,43.258846],[-2.9257247,43.260063],[-2.925081,43.26068],[-2.9244883,43.26146],[-2.9242926,43.26175],[-2.924051,43.262398],[-2.9240725,43.262974],[-2.9244802,43.263584],[-2.9267495,43.264988],[-2.9281871,43.266132],[-2.9302685,43.267967],[-2.9312663,43.268566],[-2.9324894,43.2691],[-2.9339216,43.26942],[-2.9346726,43.269363],[-2.934796,43.269424],[-2.9367862,43.26951],[-2.9382079,43.26949],[-2.9401176,43.269215],[-2.9406326,43.270054],[-2.9410508,43.269955],[-2.9414637,43.270733],[-2.9418604,43.270634],[-2.9418046,43.269955],[-2.9413407,43.268864],[-2.9448464,43.26769],[-2.9441717,43.267544]]]},"properties":{"slug":"bilbao","id_zona":"bilbao-0","municipio":"Bilbao","zona":"","provincia":"","km2":2.87,"envolvente":false,"estado_dato":"verificado","url_ficha":"/zbe/bilbao/","fuente_nombre":"Punto de Acceso Nacional de la DGT, Zonas de Bajas Emisiones (DATEX2 v3)","fuente_url":"https://nap.dgt.es/datex2/v3/dgt/zbe/ControledZonePublication/Bilbao.xml","fecha_descarga":"2026-09-23"}},{"type":"Feature","geometry":{"type":"MultiPolygon","coordinates":[[[[-6.012108,37.396034],[-6.007982,37.395374],[-6.005106,37.398876],[-6.0033393,37.405502],[-6.00349,37.40554],[-6.0038304,37.40538],[-6.0086617,37.406174],[-6.010204,37.400227],[-6.011186,37.400425],[-6.012225,37.396305],[-6.012108,37.396034]]],[[[-6.0034237,37.405666],[-6.00043,37.40514],[-5.9991198,37.405434],[-5.998711,37.40576],[-5.996231,37.408653],[-5.996209,37.40892],[-5.9997535,37.411747],[-6.005073,37.412704],[-6.0049577,37.413055],[-6.006016,37.4129],[-6.007041,37.41254],[-6.008111,37.41186],[-6.008302,37.411087],[-6.0073357,37.410915],[-6.0084577,37.406757],[-6.0036783,37.405945],[-6.0034237,37.405666]]]]},"properties":{"slug":"sevilla-cartuja","id_zona":"sevilla-cartuja-0","municipio":"Sevilla","zona":"","provincia":"","km2":2.78,"envolvente":false,"estado_dato":"verificado","url_ficha":"/zbe/sevilla/","fuente_nombre":"Punto de Acceso Nacional de la DGT, Zonas de Bajas Emisiones (DATEX2 v3)","fuente_url":"https://nap.dgt.es/datex2/v3/dgt/zbe/ControledZonePublication/SevillaCartuja.xml","fecha_descarga":"2026-09-23"}},{"type":"Feature","geometry":{"type":"Polygon","coordinates":[[[1.2514741,41.120956],[1.2500801,41.12193],[1.2483239,41.122826],[1.2479134,41.123005],[1.2470826,41.123196],[1.2456355,41.123215],[1.2437997,41.122807],[1.2425808,41.122448],[1.2409621,41.121178],[1.2397702,41.119755],[1.2395669,41.11909],[1.2395132,41.118057],[1.2412905,41.11357],[1.242361,41.111374],[1.2426987,41.111324],[1.2426058,41.110897],[1.2507585,41.109783],[1.2525796,41.111343],[1.2523173,41.11142],[1.2524933,41.111916],[1.253287,41.111706],[1.2544135,41.11236],[1.2548863,41.11242],[1.2571615,41.113605],[1.2579255,41.113815],[1.258183,41.113968],[1.2581784,41.114117],[1.2577537,41.11432],[1.2575796,41.115093],[1.2575486,41.115807],[1.2578162,41.116123],[1.2595983,41.11692],[1.2608497,41.1184],[1.2616218,41.1189],[1.2608662,41.119915],[1.2609195,41.120056],[1.2614131,41.120373],[1.2615519,41.120613],[1.2615188,41.120876],[1.2612953,41.12131],[1.2607723,41.121365],[1.2603966,41.121017],[1.260064,41.12094],[1.2589061,41.121235],[1.2581718,41.121647],[1.25638,41.12116],[1.2536769,41.119404],[1.2514741,41.120956]]]},"properties":{"slug":"tarragona","id_zona":"tarragona-0","municipio":"Tarragona","zona":"","provincia":"","km2":2.76,"envolvente":false,"estado_dato":"pendiente","url_ficha":null,"fuente_nombre":"Punto de Acceso Nacional de la DGT, Zonas de Bajas Emisiones (DATEX2 v3)","fuente_url":"https://nap.dgt.es/datex2/v3/dgt/zbe/ControledZonePublication/Tarragona.xml","fecha_descarga":"2026-09-23"}},{"type":"Feature","geometry":{"type":"Polygon","coordinates":[[[-3.8870962,40.501797],[-3.8873525,40.502087],[-3.8863297,40.502075],[-3.886467,40.503136],[-3.8874087,40.503826],[-3.8870964,40.50406],[-3.8859768,40.50463],[-3.8853617,40.505833],[-3.8852086,40.505928],[-3.885399,40.506638],[-3.886261,40.507374],[-3.88735,40.50753],[-3.8872275,40.50867],[-3.8880966,40.508923],[-3.8883746,40.50889],[-3.8885105,40.509026],[-3.8889616,40.50888],[-3.8890038,40.50852],[-3.8896244,40.508152],[-3.8902466,40.50823],[-3.8917909,40.510563],[-3.892183,40.51052],[-3.8921564,40.510628],[-3.8924413,40.51114],[-3.8932333,40.512215],[-3.8940966,40.512672],[-3.8950489,40.513027],[-3.8950152,40.512882],[-3.895177,40.512882],[-3.8965826,40.512016],[-3.8973382,40.511345],[-3.8979797,40.510517],[-3.8984377,40.50943],[-3.8984945,40.508102],[-3.8983333,40.50719],[-3.897895,40.506027],[-3.8961425,40.50242],[-3.8954012,40.50066],[-3.8940964,40.499912],[-3.8929648,40.49856],[-3.8854933,40.495083],[-3.8827949,40.49551],[-3.8825042,40.495632],[-3.8823254,40.49599],[-3.8870962,40.501797]]]},"properties":{"slug":"las-rozas","id_zona":"las-rozas-2","municipio":"Las Rozas","zona":"Los Castillos","provincia":"","km2":2.72,"envolvente":false,"estado_dato":"pendiente","url_ficha":null,"fuente_nombre":"Punto de Acceso Nacional de la DGT, Zonas de Bajas Emisiones (DATEX2 v3)","fuente_url":"https://nap.dgt.es/datex2/v3/dgt/zbe/ControledZonePublication/LasRozas.xml","fecha_descarga":"2026-09-23"}},{"type":"Feature","geometry":{"type":"Polygon","coordinates":[[[2.0989027,41.550182],[2.1052265,41.551685],[2.1076064,41.5524],[2.1122458,41.55363],[2.113104,41.55216],[2.1147041,41.548733],[2.1146297,41.548107],[2.1154819,41.54624],[2.1157029,41.5462],[2.1158936,41.54605],[2.116878,41.54422],[2.1170113,41.54361],[2.1169786,41.54311],[2.116624,41.54198],[2.1163766,41.541557],[2.1158133,41.540874],[2.1152067,41.5404],[2.1146514,41.540104],[2.111176,41.539085],[2.1081293,41.538292],[2.1029577,41.543583],[2.102627,41.543747],[2.10031,41.54437],[2.100096,41.544487],[2.098527,41.54958],[2.0987182,41.550056],[2.0989027,41.550182]]]},"properties":{"slug":"sabadell","id_zona":"sabadell-0","municipio":"Sabadell","zona":"","provincia":"","km2":2.62,"envolvente":false,"estado_dato":"pendiente","url_ficha":null,"fuente_nombre":"Punto de Acceso Nacional de la DGT, Zonas de Bajas Emisiones (DATEX2 v3)","fuente_url":"https://nap.dgt.es/datex2/v3/dgt/zbe/ControledZonePublication/Sabadell.xml","fecha_descarga":"2026-09-23"}},{"type":"Feature","geometry":{"type":"Polygon","coordinates":[[[-1.9817576,43.310616],[-1.9816021,43.310715],[-1.9813607,43.31073],[-1.9811085,43.311768],[-1.9805318,43.312313],[-1.9802958,43.31215],[-1.9802663,43.311665],[-1.9801306,43.311424],[-1.9794683,43.311485],[-1.9796963,43.312675],[-1.9788936,43.319874],[-1.9791006,43.320694],[-1.9789116,43.32085],[-1.9818094,43.32504],[-1.9821824,43.325417],[-1.9857509,43.326508],[-1.9865342,43.326607],[-1.9878693,43.32698],[-1.9882629,43.327137],[-1.9883457,43.32721],[-1.9882267,43.327293],[-1.9886721,43.32738],[-1.9887964,43.327484],[-1.9893454,43.327442],[-1.989777,43.32719],[-1.9900808,43.32719],[-1.9902375,43.327106],[-1.9905211,43.327198],[-1.9908215,43.32712],[-1.99092,43.327164],[-1.9916347,43.326645],[-1.9918263,43.32676],[-1.9918884,43.326427],[-1.9920187,43.32623],[-1.9919558,43.326027],[-1.9923235,43.325882],[-1.9925722,43.325684],[-1.9928,43.325394],[-1.9927968,43.3253],[-1.9929882,43.325138],[-1.9934126,43.324883],[-1.9940069,43.324677],[-1.9939603,43.324566],[-1.9941518,43.324455],[-1.9941622,43.324387],[-1.9937737,43.324196],[-1.9935563,43.324184],[-1.9930509,43.323696],[-1.9930279,43.323586],[-1.9932714,43.323505],[-1.9933853,43.32337],[-1.9929813,43.323353],[-1.9930279,43.323193],[-1.9924996,43.32287],[-1.9914094,43.322525],[-1.9901744,43.322327],[-1.9901996,43.322426],[-1.9912871,43.322624],[-1.9912219,43.32282],[-1.9907278,43.322716],[-1.9906503,43.322876],[-1.989203,43.323112],[-1.9882051,43.323517],[-1.9878443,43.32291],[-1.988223,43.32276],[-1.9895831,43.322887],[-1.9896375,43.32281],[-1.9892274,43.322716],[-1.9892654,43.322613],[-1.9890442,43.32258],[-1.9889939,43.322693],[-1.9881887,43.322613],[-1.9875629,43.322853],[-1.987193,43.322083],[-1.9874421,43.321987],[-1.9891242,43.32236],[-1.9890863,43.322464],[-1.9893066,43.322502],[-1.9893504,43.322422],[-1.9899074,43.322544],[-1.9899199,43.322464],[-1.9866458,43.321636],[-1.9861523,43.32084],[-1.9851116,43.32021],[-1.9850258,43.319695],[-1.985176,43.31874],[-1.9856051,43.3181],[-1.986281,43.31739],[-1.9872037,43.316673],[-1.9871501,43.316616],[-1.9885019,43.315727],[-1.9887165,43.315838],[-1.9888345,43.315758],[-1.9887916,43.31568],[-1.9891564,43.31551],[-1.9892958,43.315563],[-1.9893924,43.31551],[-1.9893817,43.315407],[-1.9899396,43.315323],[-1.9900469,43.315033],[-1.9902614,43.315002],[-1.9904224,43.31508],[-1.9910419,43.31484],[-1.9905967,43.313854],[-1.9904116,43.313698],[-1.9899825,43.313538],[-1.9889444,43.313774],[-1.9886173,43.31373],[-1.9883472,43.31359],[-1.988553,43.3134],[-1.9887563,43.3124],[-1.9886804,43.311638],[-1.9888359,43.31134],[-1.9885741,43.310993],[-1.9879836,43.310875],[-1.9879766,43.311447],[-1.9875377,43.31135],[-1.9866987,43.311512],[-1.9866285,43.311275],[-1.9861913,43.31107],[-1.9853464,43.311214],[-1.9852831,43.31094],[-1.9850749,43.31072],[-1.9847664,43.31064],[-1.9842253,43.31075],[-1.9833399,43.310345],[-1.9830246,43.31049],[-1.9829615,43.310673],[-1.9832449,43.311394],[-1.9832194,43.311596],[-1.9828627,43.31159],[-1.9824255,43.311977],[-1.9821117,43.312008],[-1.9819427,43.31132],[-1.9819534,43.31078],[-1.9817576,43.310616]]]},"properties":{"slug":"donostia-san-sebastian","id_zona":"donostia-san-sebastian-0","municipio":"San Sebastián","zona":"","provincia":"","km2":2.35,"envolvente":false,"estado_dato":"pendiente","url_ficha":null,"fuente_nombre":"Punto de Acceso Nacional de la DGT, Zonas de Bajas Emisiones (DATEX2 v3)","fuente_url":"https://nap.dgt.es/datex2/v3/dgt/zbe/ControledZonePublication/Donostia-SanSebastian.xml","fecha_descarga":"2026-09-23"}},{"type":"Feature","geometry":{"type":"Polygon","coordinates":[[[2.6451888,39.566936],[2.6457293,39.56726],[2.6464748,39.568634],[2.6469417,39.56872],[2.6477785,39.568317],[2.647328,39.567398],[2.647875,39.567165],[2.6488085,39.56696],[2.6489158,39.566795],[2.649495,39.566372],[2.6514585,39.565662],[2.6514263,39.56543],[2.651544,39.565166],[2.6518126,39.565132],[2.6527672,39.565357],[2.6531644,39.565662],[2.6546557,39.565372],[2.6546557,39.565643],[2.6554494,39.565495],[2.6557286,39.566257],[2.6564634,39.566177],[2.6565921,39.566822],[2.6572359,39.567482],[2.6567008,39.56894],[2.6572318,39.57014],[2.6565492,39.571396],[2.656694,39.572624],[2.6556587,39.57347],[2.6553342,39.574818],[2.6543095,39.575333],[2.6535532,39.57598],[2.6527479,39.57716],[2.649157,39.578373],[2.6489048,39.578358],[2.646676,39.576244],[2.644702,39.57612],[2.64471,39.575703],[2.6440835,39.57404],[2.6424098,39.57297],[2.6420343,39.571247],[2.6419218,39.571278],[2.641836,39.5708],[2.641938,39.57054],[2.6417663,39.569862],[2.641423,39.569427],[2.6423025,39.56917],[2.644132,39.568024],[2.6451888,39.566936]]]},"properties":{"slug":"palma","id_zona":"palma-0","municipio":"Palma","zona":"","provincia":"","km2":1.99,"envolvente":false,"estado_dato":"verificado","url_ficha":"/zbe/palma/","fuente_nombre":"Punto de Acceso Nacional de la DGT, Zonas de Bajas Emisiones (DATEX2 v3)","fuente_url":"https://nap.dgt.es/datex2/v3/dgt/zbe/ControledZonePublication/Palma.xml","fecha_descarga":"2026-09-23"}},{"type":"Feature","geometry":{"type":"Polygon","coordinates":[[[-1.6461629,42.81387],[-1.6460801,42.813892],[-1.6460762,42.814133],[-1.6462662,42.81467],[-1.64248,42.81609],[-1.6425887,42.816242],[-1.6425245,42.81626],[-1.6424074,42.816105],[-1.6422929,42.81614],[-1.6421428,42.81599],[-1.6418352,42.8161],[-1.6412543,42.816097],[-1.6409979,42.816017],[-1.6401215,42.816616],[-1.6400545,42.816566],[-1.6398171,42.816647],[-1.6398569,42.816708],[-1.6392423,42.81692],[-1.6391982,42.81686],[-1.6379973,42.817505],[-1.6362088,42.81794],[-1.6357291,42.816917],[-1.6333247,42.81542],[-1.6324656,42.815006],[-1.6320943,42.814293],[-1.6320511,42.814064],[-1.6316895,42.81383],[-1.6292706,42.81164],[-1.6292422,42.811443],[-1.6293516,42.81122],[-1.6303655,42.810318],[-1.6309513,42.810238],[-1.63097,42.80987],[-1.631581,42.80935],[-1.6327041,42.808674],[-1.6331277,42.808624],[-1.6333147,42.8083],[-1.6350919,42.807194],[-1.635405,42.807068],[-1.6355805,42.807117],[-1.6357894,42.807472],[-1.6359931,42.807537],[-1.6391228,42.807682],[-1.6392707,42.807793],[-1.6393486,42.809345],[-1.6399088,42.8093],[-1.6415676,42.809395],[-1.6416134,42.809338],[-1.6412803,42.80892],[-1.6415523,42.808804],[-1.6420819,42.80943],[-1.6436704,42.80943],[-1.64372,42.809795],[-1.6444058,42.810406],[-1.6448497,42.811234],[-1.6452622,42.812237],[-1.644945,42.81245],[-1.6450077,42.812756],[-1.6453134,42.812725],[-1.6457697,42.812866],[-1.6461629,42.81387]]]},"properties":{"slug":"pamplona-ensanche","id_zona":"pamplona-ensanche-0","municipio":"Pamplona (Ensanche)","zona":"","provincia":"","km2":1.67,"envolvente":false,"estado_dato":"pendiente","url_ficha":null,"fuente_nombre":"Punto de Acceso Nacional de la DGT, Zonas de Bajas Emisiones (DATEX2 v3)","fuente_url":"https://nap.dgt.es/datex2/v3/dgt/zbe/ControledZonePublication/PamplonaEnsanche.xml","fecha_descarga":"2026-09-23"}},{"type":"Feature","geometry":{"type":"Polygon","coordinates":[[[-4.73165,41.656425],[-4.732084,41.65376],[-4.7321,41.653248],[-4.7322154,41.652866],[-4.7322664,41.652058],[-4.732432,41.651463],[-4.7324877,41.650623],[-4.732749,41.649628],[-4.7302794,41.64923],[-4.7300134,41.64817],[-4.7295957,41.648293],[-4.7244506,41.64883],[-4.724218,41.648495],[-4.724108,41.64853],[-4.722329,41.647896],[-4.721985,41.647602],[-4.7220287,41.64724],[-4.72069,41.647095],[-4.7206626,41.648384],[-4.720887,41.65047],[-4.72031,41.6506],[-4.720456,41.650814],[-4.718625,41.65196],[-4.71829,41.65228],[-4.7178154,41.654068],[-4.7194204,41.6546],[-4.720922,41.65662],[-4.7196326,41.657223],[-4.722494,41.658215],[-4.7251377,41.658825],[-4.725313,41.658764],[-4.7255926,41.65745],[-4.725923,41.65686],[-4.726726,41.657124],[-4.7279115,41.65711],[-4.731443,41.656647],[-4.73165,41.656425]]]},"properties":{"slug":"valladolid","id_zona":"valladolid-0","municipio":"Valladolid","zona":"","provincia":"","km2":1.61,"envolvente":false,"estado_dato":"verificado","url_ficha":"/zbe/valladolid/","fuente_nombre":"Punto de Acceso Nacional de la DGT, Zonas de Bajas Emisiones (DATEX2 v3)","fuente_url":"https://nap.dgt.es/datex2/v3/dgt/zbe/ControledZonePublication/Valladolid.xml","fecha_descarga":"2026-09-23"}},{"type":"Feature","geometry":{"type":"Polygon","coordinates":[[[-3.7259753,40.381123],[-3.726805,40.381714],[-3.7250822,40.38309],[-3.724924,40.383175],[-3.7247448,40.38305],[-3.7235055,40.383724],[-3.723598,40.383892],[-3.7234328,40.38398],[-3.7237396,40.384243],[-3.723626,40.384293],[-3.7235503,40.384834],[-3.72347,40.38491],[-3.7234888,40.38525],[-3.7218113,40.38512],[-3.7214153,40.38502],[-3.7211454,40.385117],[-3.7195792,40.385155],[-3.7195823,40.385372],[-3.719681,40.385372],[-3.7197013,40.385937],[-3.7193253,40.38635],[-3.7180915,40.386772],[-3.7170048,40.38657],[-3.7168355,40.38688],[-3.716243,40.386803],[-3.7160335,40.38692],[-3.7139075,40.388966],[-3.7130785,40.38959],[-3.7121038,40.39009],[-3.7117841,40.389618],[-3.7121959,40.388565],[-3.7125487,40.388176],[-3.712748,40.386295],[-3.712191,40.38543],[-3.7122424,40.385265],[-3.712075,40.38502],[-3.7129707,40.384617],[-3.7135274,40.38389],[-3.7135863,40.383434],[-3.7134583,40.383133],[-3.7134445,40.382736],[-3.7150073,40.38268],[-3.7156491,40.383106],[-3.7167933,40.383354],[-3.7170238,40.38331],[-3.7171416,40.38309],[-3.718418,40.383335],[-3.7188158,40.381916],[-3.719169,40.38112],[-3.719077,40.380295],[-3.7192273,40.379078],[-3.7232704,40.379208],[-3.7258573,40.38104],[-3.7258303,40.381123],[-3.7258956,40.381065],[-3.7259753,40.381123]]]},"properties":{"slug":"madrid","id_zona":"madrid-1","municipio":"Madrid","zona":"ZBEDEP Plaza Elíptica","provincia":"","km2":1.55,"envolvente":false,"estado_dato":"verificado","url_ficha":"/zbe/madrid/","fuente_nombre":"Punto de Acceso Nacional de la DGT, Zonas de Bajas Emisiones (DATEX2 v3)","fuente_url":"https://nap.dgt.es/datex2/v3/dgt/zbe/ControledZonePublication/Madrid.xml","fecha_descarga":"2026-09-23"}},{"type":"Feature","geometry":{"type":"Polygon","coordinates":[[[-3.878973,40.50256],[-3.8758636,40.503822],[-3.8763127,40.505375],[-3.879095,40.509132],[-3.8800728,40.508633],[-3.8801813,40.508213],[-3.8807824,40.507504],[-3.880868,40.506527],[-3.8803067,40.505867],[-3.8801754,40.505585],[-3.8803144,40.50512],[-3.881029,40.50374],[-3.8809066,40.50362],[-3.8823526,40.50328],[-3.8825567,40.50285],[-3.882633,40.50193],[-3.8873374,40.50208],[-3.8861578,40.50072],[-3.8823626,40.496006],[-3.8822863,40.49587],[-3.8823862,40.495667],[-3.882165,40.49551],[-3.881647,40.495594],[-3.8813293,40.497807],[-3.880628,40.497833],[-3.8793747,40.49844],[-3.8785942,40.501167],[-3.8786361,40.501926],[-3.878973,40.50256]]]},"properties":{"slug":"las-rozas","id_zona":"las-rozas-0","municipio":"Las Rozas","zona":"El Montecillo","provincia":"","km2":1.46,"envolvente":false,"estado_dato":"pendiente","url_ficha":null,"fuente_nombre":"Punto de Acceso Nacional de la DGT, Zonas de Bajas Emisiones (DATEX2 v3)","fuente_url":"https://nap.dgt.es/datex2/v3/dgt/zbe/ControledZonePublication/LasRozas.xml","fecha_descarga":"2026-09-23"}},{"type":"Feature","geometry":{"type":"Polygon","coordinates":[[[0.6201646,41.617664],[0.62093884,41.616135],[0.62100744,41.615673],[0.6208155,41.615166],[0.6208528,41.615112],[0.62041223,41.61417],[0.62032706,41.614124],[0.6200169,41.61333],[0.6199409,41.613304],[0.6196586,41.61256],[0.61958194,41.612534],[0.6195936,41.61235],[0.6197316,41.612198],[0.62240237,41.61067],[0.6255576,41.613354],[0.62716824,41.61483],[0.63183635,41.61998],[0.63192636,41.620388],[0.62800616,41.622517],[0.61952865,41.618988],[0.6201646,41.617664]]]},"properties":{"slug":"lleida","id_zona":"lleida-0","municipio":"Lérida","zona":"ZBE Lleida","provincia":"","km2":1.35,"envolvente":false,"estado_dato":"pendiente","url_ficha":null,"fuente_nombre":"Punto de Acceso Nacional de la DGT, Zonas de Bajas Emisiones (DATEX2 v3)","fuente_url":"https://nap.dgt.es/datex2/v3/dgt/zbe/ControledZonePublication/Lleida.xml","fecha_descarga":"2026-09-23"}},{"type":"Feature","geometry":{"type":"Polygon","coordinates":[[[-0.97969717,37.59921],[-0.9780852,37.599533],[-0.9778498,37.599857],[-0.9781465,37.602177],[-0.9777566,37.602615],[-0.97860193,37.603878],[-0.9798372,37.603394],[-0.9804419,37.603943],[-0.98098415,37.60547],[-0.9813951,37.606186],[-0.98140806,37.606945],[-0.99054486,37.60653],[-0.9909077,37.60576],[-0.990803,37.60552],[-0.99248767,37.605045],[-0.99234885,37.6046],[-0.98907393,37.602512],[-0.9881326,37.599205],[-0.9868285,37.59887],[-0.9866409,37.597908],[-0.97971153,37.598198],[-0.97969717,37.59921]]]},"properties":{"slug":"cartagena","id_zona":"cartagena-1","municipio":"Cartagena","zona":"Cartagena centro","provincia":"","km2":1.3,"envolvente":false,"estado_dato":"pendiente","url_ficha":null,"fuente_nombre":"Punto de Acceso Nacional de la DGT, Zonas de Bajas Emisiones (DATEX2 v3)","fuente_url":"https://nap.dgt.es/datex2/v3/dgt/zbe/ControledZonePublication/Cartagena.xml","fecha_descarga":"2026-09-23"}},{"type":"Feature","geometry":{"type":"Polygon","coordinates":[[[-5.6645117,40.96977],[-5.664517,40.96955],[-5.664871,40.968666],[-5.6640987,40.96852],[-5.664249,40.967823],[-5.664388,40.967644],[-5.6644526,40.967327],[-5.664737,40.967384],[-5.6648626,40.967278],[-5.6660013,40.96764],[-5.666634,40.967625],[-5.667022,40.9669],[-5.6676497,40.967358],[-5.6677356,40.96718],[-5.6678214,40.966427],[-5.66898,40.96596],[-5.6698327,40.965225],[-5.668406,40.96418],[-5.669309,40.963547],[-5.668936,40.963226],[-5.668989,40.962887],[-5.6707873,40.961826],[-5.671311,40.961082],[-5.671839,40.959934],[-5.669782,40.959473],[-5.668731,40.95943],[-5.666912,40.959198],[-5.665019,40.95914],[-5.6647077,40.959213],[-5.664386,40.960087],[-5.664348,40.962112],[-5.6638813,40.962032],[-5.663313,40.96281],[-5.662272,40.96238],[-5.661103,40.96452],[-5.658813,40.96817],[-5.659092,40.96841],[-5.660377,40.96916],[-5.660964,40.969326],[-5.6631026,40.969883],[-5.6645117,40.96977]]]},"properties":{"slug":"salamanca","id_zona":"salamanca-0","municipio":"Salamanca","zona":"","provincia":"","km2":1.3,"envolvente":false,"estado_dato":"pendiente","url_ficha":null,"fuente_nombre":"Punto de Acceso Nacional de la DGT, Zonas de Bajas Emisiones (DATEX2 v3)","fuente_url":"https://nap.dgt.es/datex2/v3/dgt/zbe/ControledZonePublication/Salamanca.xml","fecha_descarga":"2026-09-23"}},{"type":"Feature","geometry":{"type":"Polygon","coordinates":[[[-3.3589797,40.483036],[-3.3602622,40.48336],[-3.361409,40.485104],[-3.3620992,40.485966],[-3.364976,40.484795],[-3.371218,40.483646],[-3.3737915,40.48237],[-3.3729084,40.480724],[-3.3735068,40.480732],[-3.3734775,40.481094],[-3.3735857,40.48111],[-3.3735993,40.480732],[-3.3740895,40.480434],[-3.3730335,40.4784],[-3.3722336,40.478672],[-3.3707106,40.47781],[-3.3669806,40.477203],[-3.3651183,40.478275],[-3.3640094,40.479263],[-3.3628743,40.479565],[-3.3588865,40.481777],[-3.3589797,40.483036]]]},"properties":{"slug":"alcala-de-henares","id_zona":"alcala-de-henares-0","municipio":"Alcalá de Henares","zona":"","provincia":"","km2":1.25,"envolvente":false,"estado_dato":"pendiente","url_ficha":null,"fuente_nombre":"Punto de Acceso Nacional de la DGT, Zonas de Bajas Emisiones (DATEX2 v3)","fuente_url":"https://nap.dgt.es/datex2/v3/dgt/zbe/ControledZonePublication/AlcalaDeHenares.xml","fecha_descarga":"2026-09-23"}},{"type":"Feature","geometry":{"type":"Polygon","coordinates":[[[-0.040555906,39.989662],[-0.039527085,39.991013],[-0.038762946,39.992226],[-0.036591254,39.992123],[-0.03638734,39.991955],[-0.03605771,39.990536],[-0.03622053,39.990513],[-0.03603065,39.99008],[-0.035163127,39.98903],[-0.03499756,39.988747],[-0.034999106,39.98842],[-0.034583732,39.988148],[-0.034250863,39.988033],[-0.03388804,39.987442],[-0.033979528,39.98697],[-0.0343128,39.98622],[-0.035443243,39.984554],[-0.035998736,39.982105],[-0.0362714,39.9816],[-0.038812164,39.97955],[-0.042925555,39.98098],[-0.043566216,39.984787],[-0.042295393,39.987534],[-0.040555906,39.989662]]]},"properties":{"slug":"castellon","id_zona":"castellon-0","municipio":"Castellón","zona":"","provincia":"","km2":1.16,"envolvente":false,"estado_dato":"pendiente","url_ficha":null,"fuente_nombre":"Punto de Acceso Nacional de la DGT, Zonas de Bajas Emisiones (DATEX2 v3)","fuente_url":"https://nap.dgt.es/datex2/v3/dgt/zbe/ControledZonePublication/Castellon.xml","fecha_descarga":"2026-09-23"}},{"type":"Feature","geometry":{"type":"Polygon","coordinates":[[[-2.6764994,42.845707],[-2.678793,42.846058],[-2.6780825,42.84412],[-2.6756046,42.84361],[-2.6726305,42.843246],[-2.6727068,42.84232],[-2.6724603,42.8423],[-2.6724162,42.84322],[-2.6700573,42.84342],[-2.6686096,42.8442],[-2.667851,42.846935],[-2.6691453,42.850346],[-2.670227,42.852093],[-2.6731813,42.85308],[-2.6730998,42.85263],[-2.6732967,42.852013],[-2.6737828,42.851536],[-2.6755311,42.849266],[-2.6762118,42.847466],[-2.676142,42.84709],[-2.6764994,42.845707]]]},"properties":{"slug":"vitoria-gasteiz","id_zona":"vitoria-gasteiz-0","municipio":"Vitoria-Gasteiz","zona":"","provincia":"","km2":1.07,"envolvente":false,"estado_dato":"verificado","url_ficha":"/zbe/vitoria-gasteiz/","fuente_nombre":"Punto de Acceso Nacional de la DGT, Zonas de Bajas Emisiones (DATEX2 v3)","fuente_url":"https://nap.dgt.es/datex2/v3/dgt/zbe/ControledZonePublication/VitoriaGasteiz.xml","fecha_descarga":"2026-09-23"}},{"type":"Feature","geometry":{"type":"Polygon","coordinates":[[[-3.8000464,40.281902],[-3.799601,40.28241],[-3.799159,40.28316],[-3.7968183,40.287987],[-3.7959192,40.287796],[-3.7948112,40.287785],[-3.792873,40.288048],[-3.792337,40.288055],[-3.7922451,40.287834],[-3.7929647,40.286064],[-3.792911,40.286057],[-3.7931142,40.285633],[-3.793364,40.285378],[-3.7929397,40.285263],[-3.7916732,40.284473],[-3.7910855,40.2842],[-3.7902546,40.283943],[-3.7868044,40.283188],[-3.786606,40.283085],[-3.7865124,40.2829],[-3.787006,40.281452],[-3.7872114,40.28148],[-3.78766,40.28091],[-3.7878735,40.280857],[-3.7879374,40.280483],[-3.7882507,40.28007],[-3.7884574,40.280045],[-3.7888298,40.2798],[-3.7924087,40.279835],[-3.7929313,40.279964],[-3.7935617,40.280376],[-3.794114,40.28053],[-3.7962768,40.280132],[-3.7983398,40.279995],[-3.7994285,40.279793],[-3.7995255,40.279854],[-3.799524,40.27995],[-3.797984,40.28147],[-3.799172,40.281837],[-3.8000464,40.281902]]]},"properties":{"slug":"fuenlabrada","id_zona":"fuenlabrada-0","municipio":"Fuenlabrada","zona":"","provincia":"","km2":1.05,"envolvente":false,"estado_dato":"pendiente","url_ficha":null,"fuente_nombre":"Punto de Acceso Nacional de la DGT, Zonas de Bajas Emisiones (DATEX2 v3)","fuente_url":"https://nap.dgt.es/datex2/v3/dgt/zbe/ControledZonePublication/Fuenlabrada.xml","fecha_descarga":"2026-09-23"}},{"type":"Feature","geometry":{"type":"Polygon","coordinates":[[[-5.842257,43.365692],[-5.8418,43.365665],[-5.841365,43.36575],[-5.840559,43.365574],[-5.8402925,43.36544],[-5.8392024,43.364048],[-5.838956,43.363384],[-5.839479,43.362656],[-5.8408856,43.36128],[-5.841217,43.361065],[-5.8419795,43.360832],[-5.842678,43.36036],[-5.8427014,43.35929],[-5.8448105,43.35924],[-5.84492,43.359188],[-5.8449783,43.358997],[-5.847482,43.35778],[-5.8479643,43.357822],[-5.849102,43.358707],[-5.853242,43.361588],[-5.8533,43.3617],[-5.853194,43.36207],[-5.8504467,43.36326],[-5.850418,43.363342],[-5.851434,43.36401],[-5.85063,43.364647],[-5.8500214,43.364464],[-5.849232,43.364426],[-5.8465543,43.363792],[-5.842257,43.365692]]]},"properties":{"slug":"oviedo","id_zona":"oviedo-0","municipio":"Oviedo","zona":"","provincia":"","km2":1.03,"envolvente":false,"estado_dato":"verificado","url_ficha":"/zbe/oviedo/","fuente_nombre":"Punto de Acceso Nacional de la DGT, Zonas de Bajas Emisiones (DATEX2 v3)","fuente_url":"https://nap.dgt.es/datex2/v3/dgt/zbe/ControledZonePublication/Oviedo.xml","fecha_descarga":"2026-09-23"}},{"type":"Feature","geometry":{"type":"Polygon","coordinates":[[[-1.2178231,38.055275],[-1.2167718,38.054733],[-1.2169542,38.054565],[-1.2177213,38.054985],[-1.2177857,38.05493],[-1.2175817,38.054245],[-1.2170172,38.05352],[-1.2151625,38.05151],[-1.2139796,38.052334],[-1.2138588,38.052174],[-1.2150847,38.05135],[-1.2102112,38.04694],[-1.2097121,38.046688],[-1.2081593,38.046272],[-1.2075557,38.04659],[-1.2090524,38.048264],[-1.210018,38.049026],[-1.2100985,38.04919],[-1.2100716,38.050068],[-1.210933,38.05167],[-1.2115535,38.05249],[-1.2121906,38.053917],[-1.2128786,38.05368],[-1.2131501,38.054092],[-1.2131642,38.054256],[-1.2129753,38.05441],[-1.2127864,38.054424],[-1.2125909,38.05433],[-1.2124467,38.05438],[-1.2125983,38.054676],[-1.2127968,38.05476],[-1.2127056,38.05496],[-1.2142559,38.056328],[-1.217539,38.0559],[-1.2177804,38.055725],[-1.2178231,38.055275]]]},"properties":{"slug":"molina-de-segura","id_zona":"molina-de-segura-0","municipio":"Molina de Segura","zona":"","provincia":"","km2":1.0,"envolvente":false,"estado_dato":"pendiente","url_ficha":null,"fuente_nombre":"Punto de Acceso Nacional de la DGT, Zonas de Bajas Emisiones (DATEX2 v3)","fuente_url":"https://nap.dgt.es/datex2/v3/dgt/zbe/ControledZonePublication/MolinaDeSegura.xml","fecha_descarga":"2026-09-23"}},{"type":"Feature","geometry":{"type":"Polygon","coordinates":[[[2.028644,41.49022],[2.02864,41.490585],[2.027597,41.490578],[2.027608,41.490704],[2.028645,41.490665],[2.028635,41.491337],[2.028814,41.49171],[2.029933,41.492825],[2.029955,41.492985],[2.029318,41.493713],[2.029353,41.494324],[2.032945,41.494286],[2.033646,41.494453],[2.035285,41.49438],[2.035848,41.49472],[2.036278,41.49488],[2.036716,41.494186],[2.037451,41.494083],[2.036355,41.491615],[2.036056,41.491077],[2.035362,41.490276],[2.035395,41.490154],[2.036129,41.489727],[2.035669,41.488903],[2.036939,41.488438],[2.036271,41.487373],[2.035643,41.487583],[2.035421,41.487022],[2.035458,41.486835],[2.034912,41.485054],[2.034315,41.48543],[2.033697,41.485573],[2.031505,41.48643],[2.030824,41.48661],[2.030615,41.485767],[2.030427,41.48581],[2.030611,41.486694],[2.02944,41.487103],[2.028809,41.487804],[2.028644,41.49022]]]},"properties":{"slug":"rubi","id_zona":"rubi-0","municipio":"Rubí","zona":"","provincia":"","km2":0.89,"envolvente":false,"estado_dato":"pendiente","url_ficha":null,"fuente_nombre":"Punto de Acceso Nacional de la DGT, Zonas de Bajas Emisiones (DATEX2 v3)","fuente_url":"https://nap.dgt.es/datex2/v3/dgt/zbe/ControledZonePublication/Rubi.xml","fecha_descarga":"2026-09-23"}},{"type":"Feature","geometry":{"type":"Polygon","coordinates":[[[2.0288262,41.491783],[2.0299833,41.492897],[2.0292873,41.493683],[2.029365,41.494473],[2.0328798,41.49438],[2.033469,41.494427],[2.033881,41.49456],[2.0352414,41.494522],[2.0363317,41.494953],[2.036912,41.49426],[2.037619,41.49419],[2.036283,41.491344],[2.035504,41.490185],[2.036276,41.48971],[2.035827,41.489033],[2.0370677,41.48846],[2.0362427,41.487385],[2.0358045,41.487537],[2.0349493,41.484978],[2.0339801,41.4855],[2.0308938,41.48662],[2.0306346,41.485744],[2.0304322,41.485783],[2.0305967,41.48668],[2.0294986,41.48714],[2.029001,41.488],[2.028789,41.488594],[2.0286083,41.49138],[2.0288262,41.491783]]]},"properties":{"slug":"lleida","id_zona":"lleida-1","municipio":"Lérida","zona":"ZBE Terrassa","provincia":"","km2":0.83,"envolvente":false,"estado_dato":"pendiente","url_ficha":null,"fuente_nombre":"Punto de Acceso Nacional de la DGT, Zonas de Bajas Emisiones (DATEX2 v3)","fuente_url":"https://nap.dgt.es/datex2/v3/dgt/zbe/ControledZonePublication/Lleida.xml","fecha_descarga":"2026-09-23"}},{"type":"Feature","geometry":{"type":"Polygon","coordinates":[[[-4.7075896,40.655922],[-4.706934,40.655304],[-4.70502,40.654522],[-4.7045813,40.65442],[-4.704467,40.654953],[-4.704279,40.655052],[-4.702909,40.654884],[-4.70105,40.654404],[-4.69915,40.6537],[-4.697794,40.65381],[-4.697255,40.653763],[-4.6970577,40.65391],[-4.696929,40.654293],[-4.6952434,40.653954],[-4.6945434,40.65398],[-4.6943946,40.654137],[-4.6939535,40.65421],[-4.694065,40.65437],[-4.6946483,40.65474],[-4.6947803,40.65492],[-4.6953716,40.65527],[-4.695563,40.655624],[-4.6953945,40.655857],[-4.695052,40.655792],[-4.6948953,40.65597],[-4.695255,40.656113],[-4.6952224,40.656155],[-4.6948123,40.656013],[-4.694693,40.65657],[-4.6950064,40.656525],[-4.695004,40.656616],[-4.695565,40.656784],[-4.6964083,40.657173],[-4.696277,40.657356],[-4.696361,40.65745],[-4.69699,40.657566],[-4.6970997,40.658188],[-4.697214,40.658276],[-4.700101,40.65862],[-4.70248,40.659035],[-4.7041707,40.65967],[-4.7059383,40.659435],[-4.7063146,40.659325],[-4.706749,40.658978],[-4.707358,40.657707],[-4.7073565,40.65746],[-4.7077827,40.65649],[-4.707768,40.656277],[-4.7075896,40.655922]]]},"properties":{"slug":"avila","id_zona":"avila-0","municipio":"Ávila","zona":"","provincia":"","km2":0.77,"envolvente":false,"estado_dato":"pendiente","url_ficha":null,"fuente_nombre":"Punto de Acceso Nacional de la DGT, Zonas de Bajas Emisiones (DATEX2 v3)","fuente_url":"https://nap.dgt.es/datex2/v3/dgt/zbe/ControledZonePublication/Avila.xml","fecha_descarga":"2026-09-23"}},{"type":"Feature","geometry":{"type":"Polygon","coordinates":[[[2.2904458,41.602875],[2.2907567,41.61001],[2.2838738,41.610798],[2.283485,41.61056],[2.2828119,41.602432],[2.2878351,41.60322],[2.2904458,41.602875]]]},"properties":{"slug":"granollers","id_zona":"granollers-0","municipio":"Granollers","zona":"","provincia":"","km2":0.61,"envolvente":false,"estado_dato":"pendiente","url_ficha":null,"fuente_nombre":"Punto de Acceso Nacional de la DGT, Zonas de Bajas Emisiones (DATEX2 v3)","fuente_url":"https://nap.dgt.es/datex2/v3/dgt/zbe/ControledZonePublication/Granollers.xml","fecha_descarga":"2026-09-23"}},{"type":"Feature","geometry":{"type":"Polygon","coordinates":[[[-5.93859,37.304115],[-5.938392,37.30477],[-5.938719,37.304836],[-5.93893,37.30414],[-5.94129,37.304096],[-5.9425077,37.30391],[-5.9437404,37.303566],[-5.9439397,37.303608],[-5.944046,37.304348],[-5.9439363,37.305927],[-5.943236,37.30579],[-5.9428225,37.30724],[-5.9411016,37.311073],[-5.9369946,37.310246],[-5.9373746,37.3091],[-5.9370093,37.30903],[-5.936655,37.310177],[-5.9358525,37.310013],[-5.9377527,37.304054],[-5.93859,37.304115]]]},"properties":{"slug":"dos-hermanas","id_zona":"dos-hermanas-0","municipio":"Dos Hermanas","zona":"","provincia":"","km2":0.6,"envolvente":false,"estado_dato":"pendiente","url_ficha":null,"fuente_nombre":"Punto de Acceso Nacional de la DGT, Zonas de Bajas Emisiones (DATEX2 v3)","fuente_url":"https://nap.dgt.es/datex2/v3/dgt/zbe/ControledZonePublication/DosHermanas.xml","fecha_descarga":"2026-09-23"}},{"type":"Feature","geometry":{"type":"Polygon","coordinates":[[[-0.9899215,37.606728],[-0.98141086,37.607143],[-0.98149633,37.608818],[-0.9839995,37.61008],[-0.9913357,37.60985],[-0.9925679,37.609383],[-0.99139977,37.60688],[-0.9905885,37.6067],[-0.9899215,37.606728]]]},"properties":{"slug":"cartagena","id_zona":"cartagena-0","municipio":"Cartagena","zona":"Cartagena ensanche","provincia":"","km2":0.37,"envolvente":false,"estado_dato":"pendiente","url_ficha":null,"fuente_nombre":"Punto de Acceso Nacional de la DGT, Zonas de Bajas Emisiones (DATEX2 v3)","fuente_url":"https://nap.dgt.es/datex2/v3/dgt/zbe/ControledZonePublication/Cartagena.xml","fecha_descarga":"2026-09-23"}},{"type":"Feature","geometry":{"type":"Polygon","coordinates":[[[-0.4835848,38.348648],[-0.4833058,38.348076],[-0.48150623,38.34845],[-0.48027784,38.347122],[-0.47896776,38.347275],[-0.47772726,38.347176],[-0.4772025,38.34736],[-0.47657105,38.347107],[-0.47756684,38.34635],[-0.4780304,38.346344],[-0.47939178,38.345947],[-0.48209175,38.344574],[-0.48311055,38.344208],[-0.4842725,38.346397],[-0.4846202,38.347275],[-0.4847339,38.348217],[-0.4835848,38.348648]]]},"properties":{"slug":"alicante","id_zona":"alicante-0","municipio":"Alicante","zona":"","provincia":"","km2":0.35,"envolvente":false,"estado_dato":"verificado","url_ficha":"/zbe/alicante/","fuente_nombre":"Punto de Acceso Nacional de la DGT, Zonas de Bajas Emisiones (DATEX2 v3)","fuente_url":"https://nap.dgt.es/datex2/v3/dgt/zbe/ControledZonePublication/Alicante.xml","fecha_descarga":"2026-09-23"}},{"type":"Feature","geometry":{"type":"Polygon","coordinates":[[[2.449219,41.539085],[2.448661,41.53995],[2.4486659,41.540672],[2.4480119,41.541546],[2.4443285,41.54202],[2.4427884,41.541286],[2.4428267,41.540802],[2.442709,41.539486],[2.4427621,41.539383],[2.4458637,41.53772],[2.449219,41.539085]]]},"properties":{"slug":"mataro","id_zona":"mataro-0","municipio":"Mataró","zona":"","provincia":"","km2":0.26,"envolvente":false,"estado_dato":"pendiente","url_ficha":null,"fuente_nombre":"Punto de Acceso Nacional de la DGT, Zonas de Bajas Emisiones (DATEX2 v3)","fuente_url":"https://nap.dgt.es/datex2/v3/dgt/zbe/ControledZonePublication/Mataro.xml","fecha_descarga":"2026-09-23"}},{"type":"Feature","geometry":{"type":"Polygon","coordinates":[[[-4.4998264,36.629196],[-4.4993834,36.628944],[-4.499389,36.626354],[-4.4994526,36.62592],[-4.4993634,36.625927],[-4.499504,36.625225],[-4.499746,36.624603],[-4.5002055,36.623837],[-4.5001106,36.62282],[-4.500457,36.622776],[-4.50069,36.622807],[-4.500952,36.623028],[-4.501936,36.62406],[-4.502567,36.624966],[-4.5026965,36.625687],[-4.5024705,36.626568],[-4.5025187,36.626915],[-4.503111,36.627743],[-4.5020614,36.628235],[-4.5019016,36.62817],[-4.5018077,36.628227],[-4.5018463,36.62835],[-4.4998264,36.629196]]]},"properties":{"slug":"torremolinos","id_zona":"torremolinos-0","municipio":"Torremolinos","zona":"","provincia":"","km2":0.24,"envolvente":false,"estado_dato":"pendiente","url_ficha":null,"fuente_nombre":"Punto de Acceso Nacional de la DGT, Zonas de Bajas Emisiones (DATEX2 v3)","fuente_url":"https://nap.dgt.es/datex2/v3/dgt/zbe/ControledZonePublication/Torremolinos.xml","fecha_descarga":"2026-09-23"}},{"type":"Feature","geometry":{"type":"Polygon","coordinates":[[[-3.5204866,36.74733],[-3.5193236,36.747513],[-3.5181668,36.747486],[-3.5178597,36.747116],[-3.516751,36.745274],[-3.5168216,36.74457],[-3.5180454,36.74362],[-3.5182824,36.743523],[-3.5187979,36.74344],[-3.5193253,36.743736],[-3.5197842,36.74379],[-3.520969,36.743633],[-3.5210412,36.74429],[-3.5213864,36.744247],[-3.5214016,36.74457],[-3.521788,36.744644],[-3.5219417,36.74477],[-3.5218024,36.745552],[-3.5218642,36.746197],[-3.5204866,36.74733]]]},"properties":{"slug":"motril","id_zona":"motril-0","municipio":"Motril","zona":"","provincia":"","km2":0.21,"envolvente":false,"estado_dato":"pendiente","url_ficha":null,"fuente_nombre":"Punto de Acceso Nacional de la DGT, Zonas de Bajas Emisiones (DATEX2 v3)","fuente_url":"https://nap.dgt.es/datex2/v3/dgt/zbe/ControledZonePublication/Motril.xml","fecha_descarga":"2026-09-23"}},{"type":"Feature","geometry":{"type":"Polygon","coordinates":[[[-8.39335,43.369015],[-8.394161,43.368736],[-8.394595,43.368896],[-8.395152,43.36974],[-8.39499,43.369884],[-8.395346,43.370026],[-8.395345,43.3703],[-8.395437,43.370304],[-8.395474,43.370144],[-8.397404,43.37027],[-8.399191,43.369923],[-8.399827,43.36961],[-8.399125,43.368908],[-8.398985,43.368984],[-8.398574,43.368816],[-8.39861,43.368378],[-8.398378,43.368366],[-8.398262,43.369682],[-8.395865,43.369522],[-8.3953285,43.369728],[-8.394855,43.368923],[-8.394585,43.368614],[-8.393962,43.368626],[-8.392873,43.36889],[-8.3928795,43.368958],[-8.392719,43.368965],[-8.392702,43.369026],[-8.392069,43.369045],[-8.391419,43.3687],[-8.390709,43.36811],[-8.390585,43.368294],[-8.3906975,43.368427],[-8.391176,43.3686],[-8.391144,43.36868],[-8.391383,43.368942],[-8.391517,43.368927],[-8.391824,43.369144],[-8.3925085,43.369156],[-8.39331,43.36895],[-8.39335,43.369015]]]},"properties":{"slug":"a-coruna","id_zona":"a-coruna-0","municipio":"La Coruña","zona":"A Coruña - Marina","provincia":"","km2":0.18,"envolvente":false,"estado_dato":"verificado","url_ficha":"/zbe/la-coruna/","fuente_nombre":"Punto de Acceso Nacional de la DGT, Zonas de Bajas Emisiones (DATEX2 v3)","fuente_url":"https://nap.dgt.es/datex2/v3/dgt/zbe/ControledZonePublication/ACoru%C3%B1a.xml","fecha_descarga":"2026-09-23"}},{"type":"Feature","geometry":{"type":"MultiPolygon","coordinates":[[[[-8.394828,43.370064],[-8.3949795,43.369953],[-8.395345,43.370102],[-8.395346,43.370026],[-8.39499,43.369884],[-8.395141,43.36972],[-8.394654,43.36895],[-8.39432,43.368744],[-8.394161,43.368736],[-8.393372,43.369045],[-8.39331,43.36895],[-8.392746,43.36913],[-8.391856,43.36915],[-8.391517,43.368927],[-8.391383,43.368942],[-8.391144,43.36868],[-8.391176,43.3686],[-8.390698,43.368412],[-8.390479,43.368435],[-8.390256,43.36861],[-8.390308,43.36881],[-8.3905115,43.369007],[-8.3904085,43.36984],[-8.390476,43.37018],[-8.390865,43.370937],[-8.391255,43.371265],[-8.393074,43.37168],[-8.39348,43.371685],[-8.393915,43.371216],[-8.394089,43.371304],[-8.394163,43.37122],[-8.394163,43.371006],[-8.394822,43.370365],[-8.395202,43.370445],[-8.395211,43.370384],[-8.394708,43.370163],[-8.394828,43.370064]]],[[[-8.394801,43.370354],[-8.394803,43.370354],[-8.394806,43.37035],[-8.394801,43.370354]]]]},"properties":{"slug":"a-coruna","id_zona":"a-coruna-1","municipio":"La Coruña","zona":"A Coruña - Ciudad Vieja","provincia":"","km2":0.15,"envolvente":false,"estado_dato":"verificado","url_ficha":"/zbe/la-coruna/","fuente_nombre":"Punto de Acceso Nacional de la DGT, Zonas de Bajas Emisiones (DATEX2 v3)","fuente_url":"https://nap.dgt.es/datex2/v3/dgt/zbe/ControledZonePublication/ACoru%C3%B1a.xml","fecha_descarga":"2026-09-23"}}]}